timestamp,state
0.05,"[0.4242640687119286, 0.42426406871192845, 0.7853981633974483]"
0.05,"[0.4242640687119286, 0.42426406871192845, 0.7853981633974483]"
0.05,"[0.4242640687119286, 0.42426406871192845, 0.7853981633974483]"
0.05,"[0.4242640687119286, 0.42426406871192845, 0.7853981633974483]"
0.05,"[0.4242640687119286, 0.42426406871192845, 0.7853981633974483]"
0.11999999999999998,"[1.0549587368135405, 0.9779232397392716, 0.6371703339288777]"
0.12999999999999998,"[1.1514126257873591, 1.0493140465831943, 0.6173856304435961]"
0.12999999999999998,"[1.1514126257873591, 1.0493140465831943, 0.6173856304435961]"
0.12999999999999998,"[1.1514126257873591, 1.0493140465831943, 0.6173856304435961]"
0.12999999999999998,"[1.1514126257873591, 1.0493140465831943, 0.6173856304435961]"
0.12999999999999998,"[1.1514126257873591, 1.0493140465831943, 0.6173856304435961]"
0.12999999999999998,"[1.1514126257873591, 1.0493140465831943, 0.6173856304435961]"
0.12999999999999998,"[1.1514126257873591, 1.0493140465831943, 0.6173856304435961]"
0.16,"[1.4484985921496338, 1.252572592840097, 0.5658833215096963]"
0.17,"[1.549792431351225, 1.3169119908773976, 0.5499752793684517]"
0.17,"[1.549792431351225, 1.3169119908773976, 0.5499752793684517]"
0.17,"[1.549792431351225, 1.3169119908773976, 0.5499752793684517]"
0.20000000000000004,"[1.8595706975509063, 1.500260395367181, 0.503827466482897]"
0.20000000000000004,"[1.8595706975509063, 1.500260395367181, 0.503827466482897]"
0.20000000000000004,"[1.8595706975509063, 1.500260395367181, 0.503827466482897]"
0.26000000000000006,"[2.5014190475097897, 1.826075700813121, 0.42355927866236387]"
0.26000000000000006,"[2.5014190475097897, 1.826075700813121, 0.42355927866236387]"
0.26000000000000006,"[2.5014190475097897, 1.826075700813121, 0.42355927866236387]"
0.26000000000000006,"[2.5014190475097897, 1.826075700813121, 0.42355927866236387]"
0.26000000000000006,"[2.5014190475097897, 1.826075700813121, 0.42355927866236387]"
0.26000000000000006,"[2.5014190475097897, 1.826075700813121, 0.42355927866236387]"
0.3000000000000001,"[2.9421883663067088, 2.01604258663546, 0.3798354108765256]"
0.3000000000000001,"[2.9421883663067088, 2.01604258663546, 0.3798354108765256]"
0.3000000000000001,"[2.9421883663067088, 2.01604258663546, 0.3798354108765256]"
0.3000000000000001,"[2.9421883663067088, 2.01604258663546, 0.3798354108765256]"
0.36000000000000015,"[3.6168809460814786, 2.2671580257045156, 0.3244550197950087]"
0.37000000000000016,"[3.7306198983990013, 2.3054131002138183, 0.31702605970307596]"
0.37000000000000016,"[3.7306198983990013, 2.3054131002138183, 0.31702605970307596]"
0.37000000000000016,"[3.7306198983990013, 2.3054131002138183, 0.31702605970307596]"
0.37000000000000016,"[3.7306198983990013, 2.3054131002138183, 0.31702605970307596]"
0.37000000000000016,"[3.7306198983990013, 2.3054131002138183, 0.31702605970307596]"
0.37000000000000016,"[3.7306198983990013, 2.3054131002138183, 0.31702605970307596]"
0.45000000000000023,"[4.649784999611751, 2.582002877245624, 0.26189092092245875]"
0.46000000000000024,"[4.765693255419005, 2.6130717722327352, 0.25734419251912133]"
0.46000000000000024,"[4.765693255419005, 2.6130717722327352, 0.25734419251912133]"
0.46000000000000024,"[4.765693255419005, 2.6130717722327352, 0.25734419251912133]"
0.46000000000000024,"[4.765693255419005, 2.6130717722327352, 0.25734419251912133]"
0.46000000000000024,"[4.765693255419005, 2.6130717722327352, 0.25734419251912133]"
0.46000000000000024,"[4.765693255419005, 2.6130717722327352, 0.25734419251912133]"
0.46000000000000024,"[4.765693255419005, 2.6130717722327352, 0.25734419251912133]"
0.46000000000000024,"[4.765693255419005, 2.6130717722327352, 0.25734419251912133]"
0.5400000000000003,"[5.697627275021246, 2.8433139746203127, 0.22488423344408395]"
0.5500000000000003,"[5.814605666476285, 2.8700731960699692, 0.22223978273511447]"
0.5500000000000003,"[5.814605666476285, 2.8700731960699692, 0.22223978273511447]"
0.5500000000000003,"[5.814605666476285, 2.8700731960699692, 0.22223978273511447]"
0.5500000000000003,"[5.814605666476285, 2.8700731960699692, 0.22223978273511447]"
0.5500000000000003,"[5.814605666476285, 2.8700731960699692, 0.22223978273511447]"
0.5500000000000003,"[5.814605666476285, 2.8700731960699692, 0.22223978273511447]"
0.5500000000000003,"[5.814605666476285, 2.8700731960699692, 0.22223978273511447]"
0.5500000000000003,"[5.814605666476285, 2.8700731960699692, 0.22223978273511447]"
0.6300000000000003,"[6.752807018632343, 3.073416794362937, 0.20375547492506232]"
0.6400000000000003,"[6.870324647114354, 3.0976986187582316, 0.20260575325033198]"
0.6400000000000003,"[6.870324647114354, 3.0976986187582316, 0.20260575325033198]"
0.6400000000000003,"[6.870324647114354, 3.0976986187582316, 0.20260575325033198]"
0.6400000000000003,"[6.870324647114354, 3.0976986187582316, 0.20260575325033198]"
0.6400000000000003,"[6.870324647114354, 3.0976986187582316, 0.20260575325033198]"
0.6400000000000003,"[6.870324647114354, 3.0976986187582316, 0.20260575325033198]"
0.6400000000000003,"[6.870324647114354, 3.0976986187582316, 0.20260575325033198]"
0.6400000000000003,"[6.870324647114354, 3.0976986187582316, 0.20260575325033198]"
0.7100000000000004,"[7.693694083363443, 3.2640099313550666, 0.19568249056775971]"
0.7200000000000004,"[7.8114039070328, 3.2873422568227286, 0.19527235321754183]"
0.7200000000000004,"[7.8114039070328, 3.2873422568227286, 0.19527235321754183]"
0.7200000000000004,"[7.8114039070328, 3.2873422568227286, 0.19527235321754183]"
0.7200000000000004,"[7.8114039070328, 3.2873422568227286, 0.19527235321754183]"
0.7200000000000004,"[7.8114039070328, 3.2873422568227286, 0.19527235321754183]"
0.7200000000000004,"[7.8114039070328, 3.2873422568227286, 0.19527235321754183]"
0.7200000000000004,"[7.8114039070328, 3.2873422568227286, 0.19527235321754183]"
0.7900000000000005,"[8.63563056829977, 3.449360738884764, 0.19290084146892372]"
0.8000000000000005,"[8.753404838833733, 3.4723655470820285, 0.19285110065372102]"
0.8000000000000005,"[8.753404838833733, 3.4723655470820285, 0.19285110065372102]"
0.8000000000000005,"[8.753404838833733, 3.4723655470820285, 0.19285110065372102]"
0.8000000000000005,"[8.753404838833733, 3.4723655470820285, 0.19285110065372102]"
0.8000000000000005,"[8.753404838833733, 3.4723655470820285, 0.19285110065372102]"
0.8000000000000005,"[8.753404838833733, 3.4723655470820285, 0.19285110065372102]"
0.8000000000000005,"[8.753404838833733, 3.4723655470820285, 0.19285110065372102]"
0.8700000000000006,"[9.577855705370299, 3.6332405372306775, 0.1925889359721332]"
0.8800000000000006,"[9.695637145501438, 3.6562086098671656, 0.19260792704069563]"
0.8800000000000006,"[9.695637145501438, 3.6562086098671656, 0.19260792704069563]"
0.8800000000000006,"[9.695637145501438, 3.6562086098671656, 0.19260792704069563]"
0.8800000000000006,"[9.695637145501438, 3.6562086098671656, 0.19260792704069563]"
0.8800000000000006,"[9.695637145501438, 3.6562086098671656, 0.19260792704069563]"
0.8800000000000006,"[9.695637145501438, 3.6562086098671656, 0.19260792704069563]"
0.8800000000000006,"[9.695637145501438, 3.6562086098671656, 0.19260792704069563]"
0.9600000000000006,"[10.63787492967504, 3.840023617498351, 0.19263037727620194]"
0.9600000000000006,"[10.63787492967504, 3.840023617498351, 0.19263037727620194]"
0.9600000000000006,"[10.63787492967504, 3.840023617498351, 0.19263037727620194]"
0.9600000000000006,"[10.63787492967504, 3.840023617498351, 0.19263037727620194]"
0.9600000000000006,"[10.63787492967504, 3.840023617498351, 0.19263037727620194]"
0.9600000000000006,"[10.63787492967504, 3.840023617498351, 0.19263037727620194]"
0.9600000000000006,"[10.63787492967504, 3.840023617498351, 0.19263037727620194]"
0.9600000000000006,"[10.63787492967504, 3.840023617498351, 0.19263037727620194]"
1.0400000000000007,"[11.580143644694747, 4.023679987687663, 0.1924010539913716]"
1.0500000000000007,"[11.69792939803402, 4.04662593090863, 0.19240554212514055]"
1.0500000000000007,"[11.69792939803402, 4.04662593090863, 0.19240554212514055]"
1.0500000000000007,"[11.69792939803402, 4.04662593090863, 0.19240554212514055]"
1.0500000000000007,"[11.69792939803402, 4.04662593090863, 0.19240554212514055]"
1.0500000000000007,"[11.69792939803402, 4.04662593090863, 0.19240554212514055]"
1.0500000000000007,"[11.69792939803402, 4.04662593090863, 0.19240554212514055]"
1.0500000000000007,"[11.69792939803402, 4.04662593090863, 0.19240554212514055]"
1.0500000000000007,"[11.69792939803402, 4.04662593090863, 0.19240554212514055]"
1.1100000000000008,"[12.404641909173137, 4.184311901792346, 0.19242275755466567]"
1.1200000000000008,"[12.522427164475937, 4.207260401378461, 0.19242275755466567]"
1.1200000000000008,"[12.522427164475937, 4.207260401378461, 0.19242275755466567]"
1.1200000000000008,"[12.522427164475937, 4.207260401378461, 0.19242275755466567]"
1.1200000000000008,"[12.522427164475937, 4.207260401378461, 0.19242275755466567]"
1.1200000000000008,"[12.522427164475937, 4.207260401378461, 0.19242275755466567]"
1.1200000000000008,"[12.522427164475937, 4.207260401378461, 0.19242275755466567]"
1.1800000000000008,"[13.229138696292742, 4.344951398895152, 0.19242275755466567]"
1.1800000000000008,"[13.229138696292742, 4.344951398895152, 0.19242275755466567]"
1.1800000000000008,"[13.229138696292742, 4.344951398895152, 0.19242275755466567]"
1.1800000000000008,"[13.229138696292742, 4.344951398895152, 0.19242275755466567]"
1.1800000000000008,"[13.229138696292742, 4.344951398895152, 0.19242275755466567]"
1.1800000000000008,"[13.229138696292742, 4.344951398895152, 0.19242275755466567]"
1.2300000000000009,"[13.818064972806745, 4.459693896825727, 0.19242275755466567]"
1.2400000000000009,"[13.935850228109546, 4.482642396411842, 0.19242275755466567]"
1.2400000000000009,"[13.935850228109546, 4.482642396411842, 0.19242275755466567]"
1.2400000000000009,"[13.935850228109546, 4.482642396411842, 0.19242275755466567]"
1.2400000000000009,"[13.935850228109546, 4.482642396411842, 0.19242275755466567]"
1.2400000000000009,"[13.935850228109546, 4.482642396411842, 0.19242275755466567]"
1.300000000000001,"[14.64256175992635, 4.620333393928533, 0.19242275755466567]"
1.300000000000001,"[14.64256175992635, 4.620333393928533, 0.19242275755466567]"
1.300000000000001,"[14.64256175992635, 4.620333393928533, 0.19242275755466567]"
1.300000000000001,"[14.64256175992635, 4.620333393928533, 0.19242275755466567]"
1.300000000000001,"[14.64256175992635, 4.620333393928533, 0.19242275755466567]"
1.300000000000001,"[14.64256175992635, 4.620333393928533, 0.19242275755466567]"
1.350000000000001,"[15.231488036440354, 4.7350758918591085, 0.19242275755466567]"
1.350000000000001,"[15.231488036440354, 4.7350758918591085, 0.19242275755466567]"
1.350000000000001,"[15.231488036440354, 4.7350758918591085, 0.19242275755466567]"
1.350000000000001,"[15.231488036440354, 4.7350758918591085, 0.19242275755466567]"
1.350000000000001,"[15.231488036440354, 4.7350758918591085, 0.19242275755466567]"
1.410000000000001,"[15.938199568257158, 4.872766889375799, 0.19242275755466567]"
1.410000000000001,"[15.938199568257158, 4.872766889375799, 0.19242275755466567]"
1.410000000000001,"[15.938199568257158, 4.872766889375799, 0.19242275755466567]"
1.410000000000001,"[15.938199568257158, 4.872766889375799, 0.19242275755466567]"
1.410000000000001,"[15.938199568257158, 4.872766889375799, 0.19242275755466567]"
1.410000000000001,"[15.938199568257158, 4.872766889375799, 0.19242275755466567]"
1.470000000000001,"[16.644911100073973, 5.01045788689249, 0.19242275755466567]"
1.480000000000001,"[16.762696355376775, 5.033406386478605, 0.19242275755466567]"
1.480000000000001,"[16.762696355376775, 5.033406386478605, 0.19242275755466567]"
1.480000000000001,"[16.762696355376775, 5.033406386478605, 0.19242275755466567]"
1.480000000000001,"[16.762696355376775, 5.033406386478605, 0.19242275755466567]"
1.480000000000001,"[16.762696355376775, 5.033406386478605, 0.19242275755466567]"
1.480000000000001,"[16.762696355376775, 5.033406386478605, 0.19242275755466567]"
1.5400000000000011,"[17.46940788719359, 5.171097383995296, 0.19242275755466567]"
1.5400000000000011,"[17.46940788719359, 5.171097383995296, 0.19242275755466567]"
1.5400000000000011,"[17.46940788719359, 5.171097383995296, 0.19242275755466567]"
1.5400000000000011,"[17.46940788719359, 5.171097383995296, 0.19242275755466567]"
1.5400000000000011,"[17.46940788719359, 5.171097383995296, 0.19242275755466567]"
1.5400000000000011,"[17.46940788719359, 5.171097383995296, 0.19242275755466567]"
1.5900000000000012,"[18.058334163707602, 5.285839881925871, 0.19242275755466567]"
1.5900000000000012,"[18.058334163707602, 5.285839881925871, 0.19242275755466567]"
1.5900000000000012,"[18.058334163707602, 5.285839881925871, 0.19242275755466567]"
1.5900000000000012,"[18.058334163707602, 5.285839881925871, 0.19242275755466567]"
1.5900000000000012,"[18.058334163707602, 5.285839881925871, 0.19242275755466567]"
1.6400000000000012,"[18.647260440221615, 5.400582379856447, 0.19242275755466567]"
1.6500000000000012,"[18.765045695524417, 5.423530879442562, 0.19242275755466567]"
1.6500000000000012,"[18.765045695524417, 5.423530879442562, 0.19242275755466567]"
1.6500000000000012,"[18.765045695524417, 5.423530879442562, 0.19242275755466567]"
1.6500000000000012,"[18.765045695524417, 5.423530879442562, 0.19242275755466567]"
1.6500000000000012,"[18.765045695524417, 5.423530879442562, 0.19242275755466567]"
1.7000000000000013,"[19.35397197203843, 5.538273377373137, 0.19242275755466567]"
1.7100000000000013,"[19.471757227341232, 5.5612218769592525, 0.19242275755466567]"
1.7100000000000013,"[19.471757227341232, 5.5612218769592525, 0.19242275755466567]"
1.7100000000000013,"[19.471757227341232, 5.5612218769592525, 0.19242275755466567]"
1.7100000000000013,"[19.471757227341232, 5.5612218769592525, 0.19242275755466567]"
1.7100000000000013,"[19.471757227341232, 5.5612218769592525, 0.19242275755466567]"
1.7700000000000014,"[20.178468759158047, 5.698912874475943, 0.29580275825245494]"
1.7700000000000014,"[20.178468759158047, 5.698912874475943, 0.29580275825245494]"
1.7700000000000014,"[20.178468759158047, 5.698912874475943, 0.29580275825245494]"
1.7700000000000014,"[20.178468759158047, 5.698912874475943, 0.29580275825245494]"
1.7700000000000014,"[20.178468759158047, 5.698912874475943, 0.29580275825245494]"
1.7700000000000014,"[20.178468759158047, 5.698912874475943, 0.29580275825245494]"
1.8300000000000014,"[20.829080231723527, 6.002403635593705, 0.5623879862152197]"
1.8400000000000014,"[20.930598339464513, 6.066388585391992, 0.5937402577068513]"
1.8400000000000014,"[20.930598339464513, 6.066388585391992, 0.5937402577068513]"
1.8400000000000014,"[20.930598339464513, 6.066388585391992, 0.5937402577068513]"
1.8400000000000014,"[20.930598339464513, 6.066388585391992, 0.5937402577068513]"
1.8400000000000014,"[20.930598339464513, 6.066388585391992, 0.5937402577068513]"
1.8400000000000014,"[20.930598339464513, 6.066388585391992, 0.5937402577068513]"
1.9000000000000015,"[21.49690991470401, 6.509693254327398, 0.7594911056380547]"
1.9100000000000015,"[21.583932295317013, 6.592319553242728, 0.7855242143321061]"
1.9100000000000015,"[21.583932295317013, 6.592319553242728, 0.7855242143321061]"
1.9100000000000015,"[21.583932295317013, 6.592319553242728, 0.7855242143321061]"
1.9100000000000015,"[21.583932295317013, 6.592319553242728, 0.7855242143321061]"
1.9100000000000015,"[21.583932295317013, 6.592319553242728, 0.7855242143321061]"
1.9100000000000015,"[21.583932295317013, 6.592319553242728, 0.7855242143321061]"
1.9700000000000015,"[22.06303641378835, 7.129071638383206, 0.9186553615906183]"
1.9800000000000015,"[22.13586314240524, 7.2244459934214555, 0.9375078568439269]"
1.9800000000000015,"[22.13586314240524, 7.2244459934214555, 0.9375078568439269]"
1.9800000000000015,"[22.13586314240524, 7.2244459934214555, 0.9375078568439269]"
1.9800000000000015,"[22.13586314240524, 7.2244459934214555, 0.9375078568439269]"
1.9800000000000015,"[22.13586314240524, 7.2244459934214555, 0.9375078568439269]"
1.9800000000000015,"[22.13586314240524, 7.2244459934214555, 0.9375078568439269]"
2.0400000000000005,"[22.53503652678075, 7.823257109597042, 1.0441922377666535]"
2.0500000000000003,"[22.595348576686746, 7.92699937020542, 1.0585998598486772]"
2.0500000000000003,"[22.595348576686746, 7.92699937020542, 1.0585998598486772]"
2.0500000000000003,"[22.595348576686746, 7.92699937020542, 1.0585998598486772]"
2.0500000000000003,"[22.595348576686746, 7.92699937020542, 1.0585998598486772]"
2.0500000000000003,"[22.595348576686746, 7.92699937020542, 1.0585998598486772]"
2.0500000000000003,"[22.595348576686746, 7.92699937020542, 1.0585998598486772]"
2.109999999999999,"[22.926178243418867, 8.566270772337877, 1.138293263679371]"
2.109999999999999,"[22.926178243418867, 8.566270772337877, 1.138293263679371]"
2.109999999999999,"[22.926178243418867, 8.566270772337877, 1.138293263679371]"
2.109999999999999,"[22.926178243418867, 8.566270772337877, 1.138293263679371]"
2.109999999999999,"[22.926178243418867, 8.566270772337877, 1.138293263679371]"
2.109999999999999,"[22.926178243418867, 8.566270772337877, 1.138293263679371]"
2.1699999999999977,"[23.21038376276133, 9.227680100553291, 1.1988487490321336]"
2.1699999999999977,"[23.21038376276133, 9.227680100553291, 1.1988487490321336]"
2.1699999999999977,"[23.21038376276133, 9.227680100553291, 1.1988487490321336]"
2.1699999999999977,"[23.21038376276133, 9.227680100553291, 1.1988487490321336]"
2.1699999999999977,"[23.21038376276133, 9.227680100553291, 1.1988487490321336]"
2.1699999999999977,"[23.21038376276133, 9.227680100553291, 1.1988487490321336]"
2.2299999999999964,"[23.458033594105657, 9.903675772407713, 1.2453086072130806]"
2.2299999999999964,"[23.458033594105657, 9.903675772407713, 1.2453086072130806]"
2.2299999999999964,"[23.458033594105657, 9.903675772407713, 1.2453086072130806]"
2.2299999999999964,"[23.458033594105657, 9.903675772407713, 1.2453086072130806]"
2.2299999999999964,"[23.458033594105657, 9.903675772407713, 1.2453086072130806]"
2.2299999999999964,"[23.458033594105657, 9.903675772407713, 1.2453086072130806]"
2.289999999999995,"[23.677903319921747, 10.589244752009744, 1.2787979667514533]"
2.289999999999995,"[23.677903319921747, 10.589244752009744, 1.2787979667514533]"
2.289999999999995,"[23.677903319921747, 10.589244752009744, 1.2787979667514533]"
2.289999999999995,"[23.677903319921747, 10.589244752009744, 1.2787979667514533]"
2.289999999999995,"[23.677903319921747, 10.589244752009744, 1.2787979667514533]"
2.289999999999995,"[23.677903319921747, 10.589244752009744, 1.2787979667514533]"
2.349999999999994,"[23.87790408901791, 11.280891026395755, 1.3017297500895528]"
2.349999999999994,"[23.87790408901791, 11.280891026395755, 1.3017297500895528]"
2.349999999999994,"[23.87790408901791, 11.280891026395755, 1.3017297500895528]"
2.349999999999994,"[23.87790408901791, 11.280891026395755, 1.3017297500895528]"
2.349999999999994,"[23.87790408901791, 11.280891026395755, 1.3017297500895528]"
2.349999999999994,"[23.87790408901791, 11.280891026395755, 1.3017297500895528]"
2.399999999999993,"[24.034148518795842, 11.860185499515717, 1.3146359097659317]"
2.4099999999999926,"[24.06455269457779, 11.976269891640673, 1.3163658190827703]"
2.4099999999999926,"[24.06455269457779, 11.976269891640673, 1.3163658190827703]"
2.4099999999999926,"[24.06455269457779, 11.976269891640673, 1.3163658190827703]"
2.4099999999999926,"[24.06455269457779, 11.976269891640673, 1.3163658190827703]"
2.4099999999999926,"[24.06455269457779, 11.976269891640673, 1.3163658190827703]"
2.4599999999999915,"[24.21362522350501, 12.557454371543152, 1.3239067473044706]"
2.4699999999999913,"[24.24295190857681, 12.67381564320473, 1.32479702851737]"
2.4699999999999913,"[24.24295190857681, 12.67381564320473, 1.32479702851737]"
2.4699999999999913,"[24.24295190857681, 12.67381564320473, 1.32479702851737]"
2.4699999999999913,"[24.24295190857681, 12.67381564320473, 1.32479702851737]"
2.4699999999999913,"[24.24295190857681, 12.67381564320473, 1.32479702851737]"
2.5199999999999902,"[24.38806498582571, 13.256002614904395, 1.328568589863091]"
2.52999999999999,"[24.416848896259395, 13.3724993380349, 1.3289192850022258]"
2.52999999999999,"[24.416848896259395, 13.3724993380349, 1.3289192850022258]"
2.52999999999999,"[24.416848896259395, 13.3724993380349, 1.3289192850022258]"
2.52999999999999,"[24.416848896259395, 13.3724993380349, 1.3289192850022258]"
2.52999999999999,"[24.416848896259395, 13.3724993380349, 1.3289192850022258]"
2.579999999999989,"[24.56016900936246, 13.955130665503845, 1.3303333411380467]"
2.5899999999999888,"[24.588747287340652, 14.071678003645053, 1.3304010627330813]"
2.5899999999999888,"[24.588747287340652, 14.071678003645053, 1.3304010627330813]"
2.5899999999999888,"[24.588747287340652, 14.071678003645053, 1.3304010627330813]"
2.5899999999999888,"[24.588747287340652, 14.071678003645053, 1.3304010627330813]"
2.5899999999999888,"[24.588747287340652, 14.071678003645053, 1.3304010627330813]"
2.6399999999999877,"[24.731529761606364, 14.65444138864753, 1.3306060785885352]"
2.6499999999999875,"[24.760076251698173, 14.770996516820588, 1.3306102524272403]"
2.6499999999999875,"[24.760076251698173, 14.770996516820588, 1.3306102524272403]"
2.6499999999999875,"[24.760076251698173, 14.770996516820588, 1.3306102524272403]"
2.6499999999999875,"[24.760076251698173, 14.770996516820588, 1.3306102524272403]"
2.6499999999999875,"[24.760076251698173, 14.770996516820588, 1.3306102524272403]"
2.6999999999999864,"[24.90280255617403, 15.353773662910486, 1.3306132396814163]"
2.709999999999986,"[24.931348211603012, 15.470328995504623, 1.3306087932572837]"
2.709999999999986,"[24.931348211603012, 15.470328995504623, 1.3306087932572837]"
2.709999999999986,"[24.931348211603012, 15.470328995504623, 1.3306087932572837]"
2.709999999999986,"[24.931348211603012, 15.470328995504623, 1.3306087932572837]"
2.709999999999986,"[24.931348211603012, 15.470328995504623, 1.3306087932572837]"
2.759999999999985,"[25.0740745432689, 16.053106134853977, 1.330668661989679]"
2.759999999999985,"[25.0740745432689, 16.053106134853977, 1.330668661989679]"
2.759999999999985,"[25.0740745432689, 16.053106134853977, 1.330668661989679]"
2.759999999999985,"[25.0740745432689, 16.053106134853977, 1.330668661989679]"
2.759999999999985,"[25.0740745432689, 16.053106134853977, 1.330668661989679]"
2.809999999999984,"[25.21675297740978, 16.63589500256356, 1.33070951112438]"
2.809999999999984,"[25.21675297740978, 16.63589500256356, 1.33070951112438]"
2.809999999999984,"[25.21675297740978, 16.63589500256356, 1.33070951112438]"
2.809999999999984,"[25.21675297740978, 16.63589500256356, 1.33070951112438]"
2.809999999999984,"[25.21675297740978, 16.63589500256356, 1.33070951112438]"
2.859999999999983,"[25.359426289337485, 17.21868512435945, 1.3307044980434617]"
2.859999999999983,"[25.359426289337485, 17.21868512435945, 1.3307044980434617]"
2.859999999999983,"[25.359426289337485, 17.21868512435945, 1.3307044980434617]"
2.859999999999983,"[25.359426289337485, 17.21868512435945, 1.3307044980434617]"
2.859999999999983,"[25.359426289337485, 17.21868512435945, 1.3307044980434617]"
2.909999999999982,"[25.502102587559442, 17.80147451507009, 1.3306991956208367]"
2.909999999999982,"[25.502102587559442, 17.80147451507009, 1.3306991956208367]"
2.909999999999982,"[25.502102587559442, 17.80147451507009, 1.3306991956208367]"
2.909999999999982,"[25.502102587559442, 17.80147451507009, 1.3306991956208367]"
2.909999999999982,"[25.502102587559442, 17.80147451507009, 1.3306991956208367]"
2.949999999999981,"[25.61624589003185, 18.26770547339477, 1.330694720431423]"
2.959999999999981,"[25.644782048350162, 18.384263131523408, 1.3306935690336068]"
2.959999999999981,"[25.644782048350162, 18.384263131523408, 1.3306935690336068]"
2.959999999999981,"[25.644782048350162, 18.384263131523408, 1.3306935690336068]"
2.959999999999981,"[25.644782048350162, 18.384263131523408, 1.3306935690336068]"
2.99999999999998,"[25.758928021878074, 18.850493435908458, 1.3306888047680236]"
3.00999999999998,"[25.787464869711762, 18.967050925224747, 1.330687576810935]"
3.00999999999998,"[25.787464869711762, 18.967050925224747, 1.330687576810935]"
3.00999999999998,"[25.787464869711762, 18.967050925224747, 1.330687576810935]"
3.00999999999998,"[25.787464869711762, 18.967050925224747, 1.330687576810935]"
3.0599999999999787,"[25.93015131437715, 19.54983783182744, 1.330681141134434]"
3.0599999999999787,"[25.93015131437715, 19.54983783182744, 1.330681141134434]"
3.0599999999999787,"[25.93015131437715, 19.54983783182744, 1.330681141134434]"
3.0599999999999787,"[25.93015131437715, 19.54983783182744, 1.330681141134434]"
3.0599999999999787,"[25.93015131437715, 19.54983783182744, 1.330681141134434]"
3.1099999999999777,"[26.072841600576993, 20.132623797875716, 1.3306742668313456]"
3.1099999999999777,"[26.072841600576993, 20.132623797875716, 1.3306742668313456]"
3.1099999999999777,"[26.072841600576993, 20.132623797875716, 1.3306742668313456]"
3.1099999999999777,"[26.072841600576993, 20.132623797875716, 1.3306742668313456]"
3.1099999999999777,"[26.072841600576993, 20.132623797875716, 1.3306742668313456]"
3.1599999999999766,"[26.215536017757927, 20.71540875247199, 1.3306668424935475]"
3.1599999999999766,"[26.215536017757927, 20.71540875247199, 1.3306668424935475]"
3.1599999999999766,"[26.215536017757927, 20.71540875247199, 1.3306668424935475]"
3.1599999999999766,"[26.215536017757927, 20.71540875247199, 1.3306668424935475]"
3.1599999999999766,"[26.215536017757927, 20.71540875247199, 1.3306668424935475]"
3.2099999999999755,"[26.35823490744913, 21.298192611959358, 1.3306587742400249]"
3.2099999999999755,"[26.35823490744913, 21.298192611959358, 1.3306587742400249]"
3.2099999999999755,"[26.35823490744913, 21.298192611959358, 1.3306587742400249]"
3.2099999999999755,"[26.35823490744913, 21.298192611959358, 1.3306587742400249]"
3.2099999999999755,"[26.35823490744913, 21.298192611959358, 1.3306587742400249]"
3.2499999999999747,"[26.472397499972146, 21.76441884724382, 1.3306517084882972]"
3.2599999999999745,"[26.500938671635424, 21.880975277869023, 1.330649942097302]"
3.2599999999999745,"[26.500938671635424, 21.880975277869023, 1.330649942097302]"
3.2599999999999745,"[26.500938671635424, 21.880975277869023, 1.330649942097302]"
3.2599999999999745,"[26.500938671635424, 21.880975277869023, 1.330649942097302]"
3.2999999999999736,"[26.61510550368291, 22.347200475020724, 1.330642143005794]"
3.3099999999999734,"[26.64364779026338, 22.463756632630513, 1.3306401893863353]"
3.3099999999999734,"[26.64364779026338, 22.463756632630513, 1.3306401893863353]"
3.3099999999999734,"[26.64364779026338, 22.463756632630513, 1.3306401893863353]"
3.3099999999999734,"[26.64364779026338, 22.463756632630513, 1.3306401893863353]"
3.3499999999999726,"[26.757819397492582, 22.929980660433994, 1.330631446062397]"
3.3599999999999723,"[26.78636293086604, 23.046536512721893, 1.3306293507214753]"
3.3599999999999723,"[26.78636293086604, 23.046536512721893, 1.3306293507214753]"
3.3599999999999723,"[26.78636293086604, 23.046536512721893, 1.3306293507214753]"
3.3599999999999723,"[26.78636293086604, 23.046536512721893, 1.3306293507214753]"
3.3999999999999715,"[26.900539792702425, 23.512759253715302, 1.3306194715668658]"
3.3999999999999715,"[26.900539792702425, 23.512759253715302, 1.3306194715668658]"
3.3999999999999715,"[26.900539792702425, 23.512759253715302, 1.3306194715668658]"
3.3999999999999715,"[26.900539792702425, 23.512759253715302, 1.3306194715668658]"
3.4499999999999704,"[27.04326766974616, 24.09553601467025, 1.3306058377842136]"
3.4499999999999704,"[27.04326766974616, 24.09553601467025, 1.3306058377842136]"
3.4499999999999704,"[27.04326766974616, 24.09553601467025, 1.3306058377842136]"
3.4499999999999704,"[27.04326766974616, 24.09553601467025, 1.3306058377842136]"
3.4499999999999704,"[27.04326766974616, 24.09553601467025, 1.3306058377842136]"
3.4999999999999694,"[27.186004034088334, 24.678310696933437, 1.3305892080185535]"
3.4999999999999694,"[27.186004034088334, 24.678310696933437, 1.3305892080185535]"
3.4999999999999694,"[27.186004034088334, 24.678310696933437, 1.3305892080185535]"
3.4999999999999694,"[27.186004034088334, 24.678310696933437, 1.3305892080185535]"
3.4999999999999694,"[27.186004034088334, 24.678310696933437, 1.3305892080185535]"
3.5399999999999685,"[27.300200435518004, 25.14452865228978, 1.3305737653627085]"
3.5399999999999685,"[27.300200435518004, 25.14452865228978, 1.3305737653627085]"
3.5399999999999685,"[27.300200435518004, 25.14452865228978, 1.3305737653627085]"
3.5399999999999685,"[27.300200435518004, 25.14452865228978, 1.3305737653627085]"
3.5799999999999677,"[27.414404490489495, 25.610744732903395, 1.3305554399352257]"
3.5799999999999677,"[27.414404490489495, 25.610744732903395, 1.3305554399352257]"
3.5799999999999677,"[27.414404490489495, 25.610744732903395, 1.3305554399352257]"
3.5799999999999677,"[27.414404490489495, 25.610744732903395, 1.3305554399352257]"
3.619999999999967,"[27.52861773263491, 26.076958562932898, 1.3305329262270138]"
3.619999999999967,"[27.52861773263491, 26.076958562932898, 1.3305329262270138]"
3.619999999999967,"[27.52861773263491, 26.076958562932898, 1.3305329262270138]"
3.619999999999967,"[27.52861773263491, 26.076958562932898, 1.3305329262270138]"
3.649999999999966,"[27.614285121643423, 26.426617108454977, 1.3305110987501696]"
3.649999999999966,"[27.614285121643423, 26.426617108454977, 1.3305110987501696]"
3.649999999999966,"[27.614285121643423, 26.426617108454977, 1.3305110987501696]"
3.6899999999999653,"[27.728521759384037, 26.892825206381115, 1.3304732270505668]"
3.699999999999965,"[27.757083733751923, 27.009376541080503, 1.3304637095097867]"
3.699999999999965,"[27.757083733751923, 27.009376541080503, 1.3304637095097867]"
3.699999999999965,"[27.757083733751923, 27.009376541080503, 1.3304637095097867]"
3.699999999999965,"[27.757083733751923, 27.009376541080503, 1.3304637095097867]"
3.749999999999964,"[27.899917758735743, 27.592127294942276, 1.330385208647356]"
3.749999999999964,"[27.899917758735743, 27.592127294942276, 1.330385208647356]"
3.749999999999964,"[27.899917758735743, 27.592127294942276, 1.330385208647356]"
3.749999999999964,"[27.899917758735743, 27.592127294942276, 1.330385208647356]"
3.749999999999964,"[27.899917758735743, 27.592127294942276, 1.330385208647356]"
3.799999999999963,"[28.04284802200012, 28.174854450096607, 1.330093674766473]"
3.799999999999963,"[28.04284802200012, 28.174854450096607, 1.330093674766473]"
3.799999999999963,"[28.04284802200012, 28.174854450096607, 1.330093674766473]"
3.799999999999963,"[28.04284802200012, 28.174854450096607, 1.330093674766473]"
3.799999999999963,"[28.04284802200012, 28.174854450096607, 1.330093674766473]"
3.849999999999962,"[28.185984706603236, 28.75753093145256, 1.329588044219952]"
3.8599999999999617,"[28.21464983900816, 28.874056937924113, 1.3294801507069716]"
3.8599999999999617,"[28.21464983900816, 28.874056937924113, 1.3294801507069716]"
3.8599999999999617,"[28.21464983900816, 28.874056937924113, 1.3294801507069716]"
3.8599999999999617,"[28.21464983900816, 28.874056937924113, 1.3294801507069716]"
3.8599999999999617,"[28.21464983900816, 28.874056937924113, 1.3294801507069716]"
3.899999999999961,"[28.329407021235607, 29.340137175517032, 1.3292185545360105]"
3.9099999999999606,"[28.358115206840136, 29.456652582563894, 1.3291558629137108]"
3.9099999999999606,"[28.358115206840136, 29.456652582563894, 1.3291558629137108]"
3.9099999999999606,"[28.358115206840136, 29.456652582563894, 1.3291558629137108]"
3.9099999999999606,"[28.358115206840136, 29.456652582563894, 1.3291558629137108]"
3.9499999999999598,"[28.47300887413639, 29.922699194641844, 1.3289769506901306]"
3.9599999999999596,"[28.50174520947321, 30.03920766228008, 1.328940784548726]"
3.9599999999999596,"[28.50174520947321, 30.03920766228008, 1.328940784548726]"
3.9599999999999596,"[28.50174520947321, 30.03920766228008, 1.328940784548726]"
3.9599999999999596,"[28.50174520947321, 30.03920766228008, 1.328940784548726]"
4.009999999999959,"[28.645488700247885, 30.62173475005701, 1.328773393943534]"
4.009999999999959,"[28.645488700247885, 30.62173475005701, 1.328773393943534]"
4.009999999999959,"[28.645488700247885, 30.62173475005701, 1.328773393943534]"
4.009999999999959,"[28.645488700247885, 30.62173475005701, 1.328773393943534]"
4.009999999999959,"[28.645488700247885, 30.62173475005701, 1.328773393943534]"
4.059999999999958,"[28.78932124884836, 31.204239855115336, 1.3286397402348349]"
4.059999999999958,"[28.78932124884836, 31.204239855115336, 1.3286397402348349]"
4.059999999999958,"[28.78932124884836, 31.204239855115336, 1.3286397402348349]"
4.059999999999958,"[28.78932124884836, 31.204239855115336, 1.3286397402348349]"
4.059999999999958,"[28.78932124884836, 31.204239855115336, 1.3286397402348349]"
4.109999999999957,"[28.933226054387774, 31.78672711383505, 1.328528662521358]"
4.109999999999957,"[28.933226054387774, 31.78672711383505, 1.328528662521358]"
4.109999999999957,"[28.933226054387774, 31.78672711383505, 1.328528662521358]"
4.109999999999957,"[28.933226054387774, 31.78672711383505, 1.328528662521358]"
4.109999999999957,"[28.933226054387774, 31.78672711383505, 1.328528662521358]"
4.149999999999956,"[29.048394014510578, 32.25270601985069, 1.3284512737849599]"
4.159999999999956,"[29.077191591684826, 32.36919936536405, 1.3284337230951457]"
4.159999999999956,"[29.077191591684826, 32.36919936536405, 1.3284337230951457]"
4.159999999999956,"[29.077191591684826, 32.36919936536405, 1.3284337230951457]"
4.159999999999956,"[29.077191591684826, 32.36919936536405, 1.3284337230951457]"
4.199999999999955,"[29.192402007043096, 32.835167776428605, 1.32836692803877]"
4.209999999999955,"[29.22120940983305, 32.95165869257445, 1.3283513112003744]"
4.209999999999955,"[29.22120940983305, 32.95165869257445, 1.3283513112003744]"
4.209999999999955,"[29.22120940983305, 32.95165869257445, 1.3283513112003744]"
4.209999999999955,"[29.22120940983305, 32.95165869257445, 1.3283513112003744]"
4.259999999999954,"[29.365273064814428, 33.534106684375985, 1.328277853590204]"
4.269999999999953,"[29.394090843854205, 33.650595034056174, 1.328264127959515]"
4.269999999999953,"[29.394090843854205, 33.650595034056174, 1.328264127959515]"
4.269999999999953,"[29.394090843854205, 33.650595034056174, 1.328264127959515]"
4.269999999999953,"[29.394090843854205, 33.650595034056174, 1.328264127959515]"
4.269999999999953,"[29.394090843854205, 33.650595034056174, 1.328264127959515]"
4.299999999999953,"[29.480553667833902, 34.000057736005864, 1.3282245319811907]"
4.3099999999999525,"[29.509377658178945, 34.11654454891011, 1.3282119176747573]"
4.3099999999999525,"[29.509377658178945, 34.11654454891011, 1.3282119176747573]"
4.3099999999999525,"[29.509377658178945, 34.11654454891011, 1.3282119176747573]"
4.3599999999999515,"[29.653519136345043, 34.69897328632566, 1.328152189281394]"
4.3599999999999515,"[29.653519136345043, 34.69897328632566, 1.328152189281394]"
4.3599999999999515,"[29.653519136345043, 34.69897328632566, 1.328152189281394]"
4.3599999999999515,"[29.653519136345043, 34.69897328632566, 1.328152189281394]"
4.3599999999999515,"[29.653519136345043, 34.69897328632566, 1.328152189281394]"
4.399999999999951,"[29.768856627132514, 35.16491025972785, 1.3281080703505588]"
4.399999999999951,"[29.768856627132514, 35.16491025972785, 1.3281080703505588]"
4.399999999999951,"[29.768856627132514, 35.16491025972785, 1.3281080703505588]"
4.399999999999951,"[29.768856627132514, 35.16491025972785, 1.3281080703505588]"
4.42999999999995,"[29.855372966953613, 35.514359716637536, 1.32807687427158]"
4.43999999999995,"[29.884214157160365, 35.630842272187536, 1.3280667986351442]"
4.43999999999995,"[29.884214157160365, 35.630842272187536, 1.3280667986351442]"
4.43999999999995,"[29.884214157160365, 35.630842272187536, 1.3280667986351442]"
4.479999999999949,"[29.999590476910907, 36.09676963220548, 1.3280280067577641]"
4.479999999999949,"[29.999590476910907, 36.09676963220548, 1.3280280067577641]"
4.479999999999949,"[29.999590476910907, 36.09676963220548, 1.3280280067577641]"
4.479999999999949,"[29.999590476910907, 36.09676963220548, 1.3280280067577641]"
4.519999999999948,"[30.114984452933797, 36.562692619697316, 1.327991472299954]"
4.529999999999948,"[30.143835590875263, 36.67917271172802, 1.3279826614688601]"
4.529999999999948,"[30.143835590875263, 36.67917271172802, 1.3279826614688601]"
4.529999999999948,"[30.143835590875263, 36.67917271172802, 1.3279826614688601]"
4.529999999999948,"[30.143835590875263, 36.67917271172802, 1.3279826614688601]"
4.569999999999947,"[30.2592502754678, 37.14509056989521, 1.3279485259425976]"
4.579999999999947,"[30.288106415778316, 37.261569422767224, 1.3279403173251367]"
4.579999999999947,"[30.288106415778316, 37.261569422767224, 1.3279403173251367]"
4.579999999999947,"[30.288106415778316, 37.261569422767224, 1.3279403173251367]"
4.579999999999947,"[30.288106415778316, 37.261569422767224, 1.3279403173251367]"
4.629999999999946,"[30.432401256912545, 37.843960184005724, 1.327900647178238]"
4.629999999999946,"[30.432401256912545, 37.843960184005724, 1.327900647178238]"
4.629999999999946,"[30.432401256912545, 37.843960184005724, 1.327900647178238]"
4.629999999999946,"[30.432401256912545, 37.843960184005724, 1.327900647178238]"
4.629999999999946,"[30.432401256912545, 37.843960184005724, 1.327900647178238]"
4.669999999999945,"[30.54785342216776, 38.30986875606827, 1.3278705710065255]"
4.679999999999945,"[30.576718642492114, 38.42634535910779, 1.3278633189557059]"
4.679999999999945,"[30.576718642492114, 38.42634535910779, 1.3278633189557059]"
4.679999999999945,"[30.576718642492114, 38.42634535910779, 1.3278633189557059]"
4.679999999999945,"[30.576718642492114, 38.42634535910779, 1.3278633189557059]"
4.719999999999944,"[30.69218789853025, 38.89224969574278, 1.3278349269183414]"
4.729999999999944,"[30.72105727053858, 39.008725269833846, 1.3278280752645448]"
4.729999999999944,"[30.72105727053858, 39.008725269833846, 1.3278280752645448]"
4.729999999999944,"[30.72105727053858, 39.008725269833846, 1.3278280752645448]"
4.729999999999944,"[30.72105727053858, 39.008725269833846, 1.3278280752645448]"
4.769999999999943,"[30.836542720925056, 39.47462559258086, 1.3278011502579232]"
4.769999999999943,"[30.836542720925056, 39.47462559258086, 1.3278011502579232]"
4.769999999999943,"[30.836542720925056, 39.47462559258086, 1.3278011502579232]"
4.769999999999943,"[30.836542720925056, 39.47462559258086, 1.3278011502579232]"
4.799999999999942,"[30.92316494042475, 39.82404881889133, 1.3277816137000733]"
4.809999999999942,"[30.952040522079752, 39.940522853697736, 1.327775186651115]"
4.809999999999942,"[30.952040522079752, 39.940522853697736, 1.327775186651115]"
4.809999999999942,"[30.952040522079752, 39.940522853697736, 1.327775186651115]"
4.839999999999941,"[31.038671708745913, 40.289943856920814, 1.3277565423547202]"
4.849999999999941,"[31.06755021055259, 40.40641716774094, 1.3277503592085012]"
4.849999999999941,"[31.06755021055259, 40.40641716774094, 1.3277503592085012]"
4.849999999999941,"[31.06755021055259, 40.40641716774094, 1.3277503592085012]"
4.88999999999994,"[31.183071300210734, 40.87230865492857, 1.3277264655780414]"
4.88999999999994,"[31.183071300210734, 40.87230865492857, 1.3277264655780414]"
4.88999999999994,"[31.183071300210734, 40.87230865492857, 1.3277264655780414]"
4.88999999999994,"[31.183071300210734, 40.87230865492857, 1.3277264655780414]"
4.929999999999939,"[31.29860338361689, 41.33819741600158, 1.3277033490012906]"
4.929999999999939,"[31.29860338361689, 41.33819741600158, 1.3277033490012906]"
4.929999999999939,"[31.29860338361689, 41.33819741600158, 1.3277033490012906]"
4.929999999999939,"[31.29860338361689, 41.33819741600158, 1.3277033490012906]"
4.959999999999939,"[31.385259423709048, 41.6876122564318, 1.3276866317673974]"
4.959999999999939,"[31.385259423709048, 41.6876122564318, 1.3276866317673974]"
4.959999999999939,"[31.385259423709048, 41.6876122564318, 1.3276866317673974]"
4.999999999999938,"[31.50080980592122, 42.153496479347936, 1.32766497905446]"
5.009999999999938,"[31.52969897228756, 42.26996714546889, 1.327659657491394]"
5.009999999999938,"[31.52969897228756, 42.26996714546889, 1.327659657491394]"
5.009999999999938,"[31.52969897228756, 42.26996714546889, 1.327659657491394]"
5.009999999999938,"[31.52969897228756, 42.26996714546889, 1.327659657491394]"
5.049999999999937,"[31.64526175387397, 42.73584829287048, 1.327638892408777]"
5.0599999999999365,"[31.67415395855948, 42.852318205330356, 1.3276338286004996]"
5.0599999999999365,"[31.67415395855948, 42.852318205330356, 1.3276338286004996]"
5.0599999999999365,"[31.67415395855948, 42.852318205330356, 1.3276338286004996]"
5.0599999999999365,"[31.67415395855948, 42.852318205330356, 1.3276338286004996]"
5.1099999999999355,"[31.81862366434937, 43.43466561374876, 1.327609235917862]"
5.119999999999935,"[31.847519323111072, 43.55113466931601, 1.327604408092125]"
5.119999999999935,"[31.847519323111072, 43.55113466931601, 1.327604408092125]"
5.119999999999935,"[31.847519323111072, 43.55113466931601, 1.327604408092125]"
5.119999999999935,"[31.847519323111072, 43.55113466931601, 1.327604408092125]"
5.119999999999935,"[31.847519323111072, 43.55113466931601, 1.327604408092125]"
5.179999999999934,"[32.02090484991893, 44.249946131056845, 1.3275763292324252]"
5.189999999999934,"[32.04980434127556, 44.36641423570068, 1.3275717937850209]"
5.189999999999934,"[32.04980434127556, 44.36641423570068, 1.3275717937850209]"
5.189999999999934,"[32.04980434127556, 44.36641423570068, 1.3275717937850209]"
5.189999999999934,"[32.04980434127556, 44.36641423570068, 1.3275717937850209]"
5.189999999999934,"[32.04980434127556, 44.36641423570068, 1.3275717937850209]"
5.189999999999934,"[32.04980434127556, 44.36641423570068, 1.3275717937850209]"
5.2499999999999325,"[32.223212180504575, 45.06522016102213, 1.327545263536892]"
5.259999999999932,"[32.25211529000994, 45.18168736782697, 1.3275409538176337]"
5.259999999999932,"[32.25211529000994, 45.18168736782697, 1.3275409538176337]"
5.259999999999932,"[32.25211529000994, 45.18168736782697, 1.3275409538176337]"
5.259999999999932,"[32.25211529000994, 45.18168736782697, 1.3275409538176337]"
5.259999999999932,"[32.25211529000994, 45.18168736782697, 1.3275409538176337]"
5.259999999999932,"[32.25211529000994, 45.18168736782697, 1.3275409538176337]"
5.319999999999931,"[32.42554437244741, 45.88048802133092, 1.3275155878437934]"
5.329999999999931,"[32.45445093818513, 45.99695437036467, 1.327511523073675]"
5.329999999999931,"[32.45445093818513, 45.99695437036467, 1.327511523073675]"
5.329999999999931,"[32.45445093818513, 45.99695437036467, 1.327511523073675]"
5.329999999999931,"[32.45445093818513, 45.99695437036467, 1.327511523073675]"
5.329999999999931,"[32.45445093818513, 45.99695437036467, 1.327511523073675]"
5.329999999999931,"[32.45445093818513, 45.99695437036467, 1.327511523073675]"
5.3899999999999295,"[32.627900285065415, 46.695749994307555, 1.3274873260361897]"
5.3899999999999295,"[32.627900285065415, 46.695749994307555, 1.3274873260361897]"
5.3899999999999295,"[32.627900285065415, 46.695749994307555, 1.3274873260361897]"
5.3899999999999295,"[32.627900285065415, 46.695749994307555, 1.3274873260361897]"
5.3899999999999295,"[32.627900285065415, 46.695749994307555, 1.3274873260361897]"
5.3899999999999295,"[32.627900285065415, 46.695749994307555, 1.3274873260361897]"
5.449999999999928,"[32.80136626816276, 47.39454148873552, 1.327464050583125]"
5.459999999999928,"[32.83027883621868, 47.51100634784938, 1.327460356029898]"
5.459999999999928,"[32.83027883621868, 47.51100634784938, 1.327460356029898]"
5.459999999999928,"[32.83027883621868, 47.51100634784938, 1.327460356029898]"
5.459999999999928,"[32.83027883621868, 47.51100634784938, 1.327460356029898]"
5.459999999999928,"[32.83027883621868, 47.51100634784938, 1.327460356029898]"
5.459999999999928,"[32.83027883621868, 47.51100634784938, 1.327460356029898]"
5.519999999999927,"[33.0037634423576, 48.209793219085235, 1.3274380707064113]"
5.519999999999927,"[33.0037634423576, 48.209793219085235, 1.3274380707064113]"
5.519999999999927,"[33.0037634423576, 48.209793219085235, 1.3274380707064113]"
5.519999999999927,"[33.0037634423576, 48.209793219085235, 1.3274380707064113]"
5.519999999999927,"[33.0037634423576, 48.209793219085235, 1.3274380707064113]"
5.519999999999927,"[33.0037634423576, 48.209793219085235, 1.3274380707064113]"
5.5799999999999255,"[33.17726338769412, 48.9085762819513, 1.3274165717330748]"
5.5799999999999255,"[33.17726338769412, 48.9085762819513, 1.3274165717330748]"
5.5799999999999255,"[33.17726338769412, 48.9085762819513, 1.3274165717330748]"
5.5799999999999255,"[33.17726338769412, 48.9085762819513, 1.3274165717330748]"
5.5799999999999255,"[33.17726338769412, 48.9085762819513, 1.3274165717330748]"
5.5799999999999255,"[33.17726338769412, 48.9085762819513, 1.3274165717330748]"
5.639999999999924,"[33.35077813827864, 49.60735566867588, 1.3273958064980833]"
5.639999999999924,"[33.35077813827864, 49.60735566867588, 1.3273958064980833]"
5.639999999999924,"[33.35077813827864, 49.60735566867588, 1.3273958064980833]"
5.639999999999924,"[33.35077813827864, 49.60735566867588, 1.3273958064980833]"
5.639999999999924,"[33.35077813827864, 49.60735566867588, 1.3273958064980833]"
5.639999999999924,"[33.35077813827864, 49.60735566867588, 1.3273958064980833]"
5.699999999999923,"[33.52430719542647, 50.306131502765865, 1.327375727467164]"
5.699999999999923,"[33.52430719542647, 50.306131502765865, 1.327375727467164]"
5.699999999999923,"[33.52430719542647, 50.306131502765865, 1.327375727467164]"
5.699999999999923,"[33.52430719542647, 50.306131502765865, 1.327375727467164]"
5.699999999999923,"[33.52430719542647, 50.306131502765865, 1.327375727467164]"
5.699999999999923,"[33.52430719542647, 50.306131502765865, 1.327375727467164]"
5.749999999999922,"[33.668925335881354, 50.8884420671931, 1.327359396035034]"
5.759999999999922,"[33.69785009235612, 51.00490389983742, 1.3273561062480093]"
5.759999999999922,"[33.69785009235612, 51.00490389983742, 1.3273561062480093]"
5.759999999999922,"[33.69785009235612, 51.00490389983742, 1.3273561062480093]"
5.759999999999922,"[33.69785009235612, 51.00490389983742, 1.3273561062480093]"
5.759999999999922,"[33.69785009235612, 51.00490389983742, 1.3273561062480093]"
5.809999999999921,"[33.842479495366284, 51.587211667068594, 1.3273404632830614]"
5.81999999999992,"[33.87140645677886, 51.70367295206681, 1.3273372732399757]"
5.81999999999992,"[33.87140645677886, 51.70367295206681, 1.3273372732399757]"
5.81999999999992,"[33.87140645677886, 51.70367295206681, 1.3273372732399757]"
5.81999999999992,"[33.87140645677886, 51.70367295206681, 1.3273372732399757]"
5.81999999999992,"[33.87140645677886, 51.70367295206681, 1.3273372732399757]"
5.869999999999919,"[34.016046714039085, 52.28597802329062, 1.3273221045582957]"
5.879999999999919,"[34.04497581352746, 52.40243877720708, 1.3273190084980624]"
5.879999999999919,"[34.04497581352746, 52.40243877720708, 1.3273190084980624]"
5.879999999999919,"[34.04497581352746, 52.40243877720708, 1.3273190084980624]"
5.879999999999919,"[34.04497581352746, 52.40243877720708, 1.3273190084980624]"
5.879999999999919,"[34.04497581352746, 52.40243877720708, 1.3273190084980624]"
5.929999999999918,"[34.189626600572836, 52.98474123280967, 1.3273041105349455]"
5.939999999999918,"[34.21855779565405, 53.10120146615639, 1.3273011388042126]"
5.939999999999918,"[34.21855779565405, 53.10120146615639, 1.3273011388042126]"
5.939999999999918,"[34.21855779565405, 53.10120146615639, 1.3273011388042126]"
5.939999999999918,"[34.21855779565405, 53.10120146615639, 1.3273011388042126]"
5.939999999999918,"[34.21855779565405, 53.10120146615639, 1.3273011388042126]"
5.989999999999917,"[34.36321884822489, 53.68350137158592, 1.3272868023864977]"
5.9999999999999165,"[34.39215205901278, 53.799961104169775, 1.3272839138887365]"
5.9999999999999165,"[34.39215205901278, 53.799961104169775, 1.3272839138887365]"
5.9999999999999165,"[34.39215205901278, 53.799961104169775, 1.3272839138887365]"
5.9999999999999165,"[34.39215205901278, 53.799961104169775, 1.3272839138887365]"
5.9999999999999165,"[34.39215205901278, 53.799961104169775, 1.3272839138887365]"
6.0499999999999154,"[34.53682306775438, 54.382258536092685, 1.3272698408264514]"
6.0499999999999154,"[34.53682306775438, 54.382258536092685, 1.3272698408264514]"
6.0499999999999154,"[34.53682306775438, 54.382258536092685, 1.3272698408264514]"
6.0499999999999154,"[34.53682306775438, 54.382258536092685, 1.3272698408264514]"
6.0499999999999154,"[34.53682306775438, 54.382258536092685, 1.3272698408264514]"
6.099999999999914,"[34.68150219705223, 54.96455395041449, 1.3272560844760113]"
6.099999999999914,"[34.68150219705223, 54.96455395041449, 1.3272560844760113]"
6.099999999999914,"[34.68150219705223, 54.96455395041449, 1.3272560844760113]"
6.099999999999914,"[34.68150219705223, 54.96455395041449, 1.3272560844760113]"
6.099999999999914,"[34.68150219705223, 54.96455395041449, 1.3272560844760113]"
6.149999999999913,"[34.82618926569327, 55.54684739204242, 1.3272426311077463]"
6.149999999999913,"[34.82618926569327, 55.54684739204242, 1.3272426311077463]"
6.149999999999913,"[34.82618926569327, 55.54684739204242, 1.3272426311077463]"
6.149999999999913,"[34.82618926569327, 55.54684739204242, 1.3272426311077463]"
6.149999999999913,"[34.82618926569327, 55.54684739204242, 1.3272426311077463]"
6.199999999999912,"[34.97088410025488, 56.1291389039557, 1.3272294678614458]"
6.199999999999912,"[34.97088410025488, 56.1291389039557, 1.3272294678614458]"
6.199999999999912,"[34.97088410025488, 56.1291389039557, 1.3272294678614458]"
6.199999999999912,"[34.97088410025488, 56.1291389039557, 1.3272294678614458]"
6.199999999999912,"[34.97088410025488, 56.1291389039557, 1.3272294678614458]"
6.239999999999911,"[35.08664544746826, 56.59497075182514, 1.3272191702066998]"
6.249999999999911,"[35.11558653461554, 56.71142852732653, 1.3272165826746396]"
6.249999999999911,"[35.11558653461554, 56.71142852732653, 1.3272165826746396]"
6.249999999999911,"[35.11558653461554, 56.71142852732653, 1.3272165826746396]"
6.249999999999911,"[35.11558653461554, 56.71142852732653, 1.3272165826746396]"
6.28999999999991,"[35.23135384667947, 57.17725889286284, 1.3272064988230026]"
6.29999999999991,"[35.260296409505585, 57.293716301631264, 1.3272039642181128]"
6.29999999999991,"[35.260296409505585, 57.293716301631264, 1.3272039642181128]"
6.29999999999991,"[35.260296409505585, 57.293716301631264, 1.3272039642181128]"
6.29999999999991,"[35.260296409505585, 57.293716301631264, 1.3272039642181128]"
6.349999999999909,"[35.40501362811874, 57.876002250828385, 1.327191598659599]"
6.349999999999909,"[35.40501362811874, 57.876002250828385, 1.327191598659599]"
6.349999999999909,"[35.40501362811874, 57.876002250828385, 1.327191598659599]"
6.349999999999909,"[35.40501362811874, 57.876002250828385, 1.327191598659599]"
6.349999999999909,"[35.40501362811874, 57.876002250828385, 1.327191598659599]"
6.399999999999908,"[35.54973798872398, 58.45828642495911, 1.3271794792120737]"
6.399999999999908,"[35.54973798872398, 58.45828642495911, 1.3271794792120737]"
6.399999999999908,"[35.54973798872398, 58.45828642495911, 1.3271794792120737]"
6.399999999999908,"[35.54973798872398, 58.45828642495911, 1.3271794792120737]"
6.399999999999908,"[35.54973798872398, 58.45828642495911, 1.3271794792120737]"
6.439999999999907,"[35.66552252447851, 58.92411250975732, 1.3271698936105687]"
6.449999999999907,"[35.694469350233426, 59.040568858999066, 1.327167473925164]"
6.449999999999907,"[35.694469350233426, 59.040568858999066, 1.327167473925164]"
6.449999999999907,"[35.694469350233426, 59.040568858999066, 1.327167473925164]"
6.449999999999907,"[35.694469350233426, 59.040568858999066, 1.327167473925164]"
6.499999999999906,"[35.83920761287336, 59.62284957765983, 1.3271558185872248]"
6.499999999999906,"[35.83920761287336, 59.62284957765983, 1.3271558185872248]"
6.499999999999906,"[35.83920761287336, 59.62284957765983, 1.3271558185872248]"
6.499999999999906,"[35.83920761287336, 59.62284957765983, 1.3271558185872248]"
6.499999999999906,"[35.83920761287336, 59.62284957765983, 1.3271558185872248]"
6.549999999999905,"[35.983952610724245, 60.205128622099366, 1.327144382545675]"
6.549999999999905,"[35.983952610724245, 60.205128622099366, 1.327144382545675]"
6.549999999999905,"[35.983952610724245, 60.205128622099366, 1.327144382545675]"
6.549999999999905,"[35.983952610724245, 60.205128622099366, 1.327144382545675]"
6.549999999999905,"[35.983952610724245, 60.205128622099366, 1.327144382545675]"
6.589999999999904,"[36.09975338049632, 60.670950671511726, 1.3271354453431619]"
6.599999999999904,"[36.12870421795351, 60.787406023516375, 1.3271331578248942]"
6.599999999999904,"[36.12870421795351, 60.787406023516375, 1.3271331578248942]"
6.599999999999904,"[36.12870421795351, 60.787406023516375, 1.3271331578248942]"
6.599999999999904,"[36.12870421795351, 60.787406023516375, 1.3271331578248942]"
6.639999999999903,"[36.24451018760004, 61.25322678023812, 1.3271242670940877]"
6.649999999999903,"[36.27346232682236, 61.36968180861582, 1.3271220499058607]"
6.649999999999903,"[36.27346232682236, 61.36968180861582, 1.3271220499058607]"
6.649999999999903,"[36.27346232682236, 61.36968180861582, 1.3271220499058607]"
6.649999999999903,"[36.27346232682236, 61.36968180861582, 1.3271220499058607]"
6.699999999999902,"[36.418226810804256, 61.95195600877774, 1.3271113383505124]"
6.699999999999902,"[36.418226810804256, 61.95195600877774, 1.3271113383505124]"
6.699999999999902,"[36.418226810804256, 61.95195600877774, 1.3271113383505124]"
6.699999999999902,"[36.418226810804256, 61.95195600877774, 1.3271113383505124]"
6.699999999999902,"[36.418226810804256, 61.95195600877774, 1.3271113383505124]"
6.7499999999999005,"[36.562997533495654, 62.53422865784183, 1.3271006196010173]"
6.7499999999999005,"[36.562997533495654, 62.53422865784183, 1.3271006196010173]"
6.7499999999999005,"[36.562997533495654, 62.53422865784183, 1.3271006196010173]"
6.7499999999999005,"[36.562997533495654, 62.53422865784183, 1.3271006196010173]"
6.7499999999999005,"[36.562997533495654, 62.53422865784183, 1.3271006196010173]"
6.7999999999998995,"[36.7077744251236, 63.11649977308578, 1.3270901683593228]"
6.7999999999998995,"[36.7077744251236, 63.11649977308578, 1.3270901683593228]"
6.7999999999998995,"[36.7077744251236, 63.11649977308578, 1.3270901683593228]"
6.7999999999998995,"[36.7077744251236, 63.11649977308578, 1.3270901683593228]"
6.7999999999998995,"[36.7077744251236, 63.11649977308578, 1.3270901683593228]"
6.839999999999899,"[36.823600295081896, 63.58231558201374, 1.327081962641239]"
6.839999999999899,"[36.823600295081896, 63.58231558201374, 1.327081962641239]"
6.839999999999899,"[36.823600295081896, 63.58231558201374, 1.327081962641239]"
6.839999999999899,"[36.823600295081896, 63.58231558201374, 1.327081962641239]"
6.869999999999898,"[36.910472210917334, 63.93167681374777, 1.3270757780040034]"
6.879999999999898,"[36.939429996903975, 64.04813043812568, 1.327073730126158]"
6.879999999999898,"[36.939429996903975, 64.04813043812568, 1.327073730126158]"
6.879999999999898,"[36.939429996903975, 64.04813043812568, 1.327073730126158]"
6.919999999999897,"[37.05526349881505, 64.51394434928963, 1.3270656597879]"
6.919999999999897,"[37.05526349881505, 64.51394434928963, 1.3270656597879]"
6.919999999999897,"[37.05526349881505, 64.51394434928963, 1.3270656597879]"
6.919999999999897,"[37.05526349881505, 64.51394434928963, 1.3270656597879]"
6.949999999999896,"[37.14214109161462, 64.86330416934484, 1.3270596350733228]"
6.949999999999896,"[37.14214109161462, 64.86330416934484, 1.3270596350733228]"
6.949999999999896,"[37.14214109161462, 64.86330416934484, 1.3270596350733228]"
6.979999999999896,"[37.22902077306588, 65.21266346999477, 1.327053721804532]"
6.979999999999896,"[37.22902077306588, 65.21266346999477, 1.327053721804532]"
6.979999999999896,"[37.22902077306588, 65.21266346999477, 1.327053721804532]"
7.019999999999895,"[37.344863565834856, 65.6784750707116, 1.3270458544124213]"
7.019999999999895,"[37.344863565834856, 65.6784750707116, 1.3270458544124213]"
7.019999999999895,"[37.344863565834856, 65.6784750707116, 1.3270458544124213]"
7.019999999999895,"[37.344863565834856, 65.6784750707116, 1.3270458544124213]"
7.0299999999998946,"[37.373824836519226, 65.7949278285164, 1.327043929630539]"
7.089999999999893,"[37.54759717462902, 66.49364320297323, 1.3270325800599816]"
7.099999999999893,"[37.576559991145785, 66.61009557632568, 1.3270306448186402]"
7.099999999999893,"[37.576559991145785, 66.61009557632568, 1.3270306448186402]"
7.099999999999893,"[37.576559991145785, 66.61009557632568, 1.3270306448186402]"
7.099999999999893,"[37.576559991145785, 66.61009557632568, 1.3270306448186402]"
7.099999999999893,"[37.576559991145785, 66.61009557632568, 1.3270306448186402]"
7.099999999999893,"[37.576559991145785, 66.61009557632568, 1.3270306448186402]"
7.159999999999892,"[37.75034149332711, 67.30880867159044, 1.3270196934818717]"
7.169999999999892,"[37.77930581051408, 67.42526067170161, 1.327017799849246]"
7.169999999999892,"[37.77930581051408, 67.42526067170161, 1.327017799849246]"
7.169999999999892,"[37.77930581051408, 67.42526067170161, 1.327017799849246]"
7.169999999999892,"[37.77930581051408, 67.42526067170161, 1.327017799849246]"
7.169999999999892,"[37.77930581051408, 67.42526067170161, 1.327017799849246]"
7.169999999999892,"[37.77930581051408, 67.42526067170161, 1.327017799849246]"
7.22999999999989,"[37.9530962177336, 68.12397155207601, 1.3270070839720294]"
7.22999999999989,"[37.9530962177336, 68.12397155207601, 1.3270070839720294]"
7.22999999999989,"[37.9530962177336, 68.12397155207601, 1.3270070839720294]"
7.22999999999989,"[37.9530962177336, 68.12397155207601, 1.3270070839720294]"
7.22999999999989,"[37.9530962177336, 68.12397155207601, 1.3270070839720294]"
7.22999999999989,"[37.9530962177336, 68.12397155207601, 1.3270070839720294]"
7.279999999999889,"[38.09792726862461, 68.70622919839373, 1.326998119737415]"
7.289999999999889,"[38.12689409811053, 68.82268057360902, 1.3269962931618275]"
7.289999999999889,"[38.12689409811053, 68.82268057360902, 1.3269962931618275]"
7.289999999999889,"[38.12689409811053, 68.82268057360902, 1.3269962931618275]"
7.289999999999889,"[38.12689409811053, 68.82268057360902, 1.3269962931618275]"
7.289999999999889,"[38.12689409811053, 68.82268057360902, 1.3269962931618275]"
7.329999999999888,"[38.24276350789872, 69.28848555412601, 1.3269892868458586]"
7.329999999999888,"[38.24276350789872, 69.28848555412601, 1.3269892868458586]"
7.329999999999888,"[38.24276350789872, 69.28848555412601, 1.3269892868458586]"
7.329999999999888,"[38.24276350789872, 69.28848555412601, 1.3269892868458586]"
7.369999999999887,"[38.35863618410447, 69.75428972210652, 1.3269822644763518]"
7.369999999999887,"[38.35863618410447, 69.75428972210652, 1.3269822644763518]"
7.369999999999887,"[38.35863618410447, 69.75428972210652, 1.3269822644763518]"
7.369999999999887,"[38.35863618410447, 69.75428972210652, 1.3269822644763518]"
7.4099999999998865,"[38.474512117231555, 70.2200930798886, 1.3269753218505407]"
7.4099999999998865,"[38.474512117231555, 70.2200930798886, 1.3269753218505407]"
7.4099999999998865,"[38.474512117231555, 70.2200930798886, 1.3269753218505407]"
7.4099999999998865,"[38.474512117231555, 70.2200930798886, 1.3269753218505407]"
7.439999999999886,"[38.561421181554664, 70.56944507220898, 1.326970130255314]"
7.449999999999886,"[38.59039127044292, 70.6858956366121, 1.3269683851038059]"
7.449999999999886,"[38.59039127044292, 70.6858956366121, 1.3269683851038059]"
7.449999999999886,"[38.59039127044292, 70.6858956366121, 1.3269683851038059]"
7.4999999999998845,"[38.735244696207786, 71.26814771693657, 1.3269599700920875]"
7.4999999999998845,"[38.735244696207786, 71.26814771693657, 1.3269599700920875]"
7.4999999999998845,"[38.735244696207786, 71.26814771693657, 1.3269599700920875]"
7.4999999999998845,"[38.735244696207786, 71.26814771693657, 1.3269599700920875]"
7.4999999999998845,"[38.735244696207786, 71.26814771693657, 1.3269599700920875]"
7.539999999999884,"[38.851130953669845, 71.73394850625603, 1.3269532752624726]"
7.539999999999884,"[38.851130953669845, 71.73394850625603, 1.3269532752624726]"
7.539999999999884,"[38.851130953669845, 71.73394850625603, 1.3269532752624726]"
7.539999999999884,"[38.851130953669845, 71.73394850625603, 1.3269532752624726]"
7.579999999999883,"[38.96702031687174, 72.19974852288965, 1.326946653036194]"
7.579999999999883,"[38.96702031687174, 72.19974852288965, 1.326946653036194]"
7.579999999999883,"[38.96702031687174, 72.19974852288965, 1.326946653036194]"
7.579999999999883,"[38.96702031687174, 72.19974852288965, 1.326946653036194]"
7.619999999999882,"[39.08291275226003, 72.66554777516363, 1.3269401936469891]"
7.629999999999882,"[39.11188632727024, 72.78199747224838, 1.3269385321605183]"
7.629999999999882,"[39.11188632727024, 72.78199747224838, 1.3269385321605183]"
7.629999999999882,"[39.11188632727024, 72.78199747224838, 1.3269385321605183]"
7.629999999999882,"[39.11188632727024, 72.78199747224838, 1.3269385321605183]"
7.669999999999881,"[39.227782530063685, 73.24779578716301, 1.3269320683141255]"
7.669999999999881,"[39.227782530063685, 73.24779578716301, 1.3269320683141255]"
7.669999999999881,"[39.227782530063685, 73.24779578716301, 1.3269320683141255]"
7.669999999999881,"[39.227782530063685, 73.24779578716301, 1.3269320683141255]"
7.70999999999988,"[39.34368173183804, 73.71359335588502, 1.3269256722353797]"
7.71999999999988,"[39.37265699785918, 73.83004263222028, 1.3269240724879972]"
7.71999999999988,"[39.37265699785918, 73.83004263222028, 1.3269240724879972]"
7.71999999999988,"[39.37265699785918, 73.83004263222028, 1.3269240724879972]"
7.71999999999988,"[39.37265699785918, 73.83004263222028, 1.3269240724879972]"
7.769999999999879,"[39.517536073708214, 74.41228833068391, 1.3269162468136615]"
7.769999999999879,"[39.517536073708214, 74.41228833068391, 1.3269162468136615]"
7.769999999999879,"[39.517536073708214, 74.41228833068391, 1.3269162468136615]"
7.769999999999879,"[39.517536073708214, 74.41228833068391, 1.3269162468136615]"
7.769999999999879,"[39.517536073708214, 74.41228833068391, 1.3269162468136615]"
7.819999999999878,"[39.662419682592606, 74.99453290118237, 1.3269085218012588]"
7.8299999999998775,"[39.69139694576513, 75.1109816805621, 1.3269069889311593]"
7.8299999999998775,"[39.69139694576513, 75.1109816805621, 1.3269069889311593]"
7.8299999999998775,"[39.69139694576513, 75.1109816805621, 1.3269069889311593]"
7.8299999999998775,"[39.69139694576513, 75.1109816805621, 1.3269069889311593]"
7.8299999999998775,"[39.69139694576513, 75.1109816805621, 1.3269069889311593]"
7.889999999999876,"[39.86526421526976, 75.80967343848656, 1.3268979361352304]"
7.889999999999876,"[39.86526421526976, 75.80967343848656, 1.3268979361352304]"
7.889999999999876,"[39.86526421526976, 75.80967343848656, 1.3268979361352304]"
7.889999999999876,"[39.86526421526976, 75.80967343848656, 1.3268979361352304]"
7.889999999999876,"[39.86526421526976, 75.80967343848656, 1.3268979361352304]"
7.889999999999876,"[39.86526421526976, 75.80967343848656, 1.3268979361352304]"
7.949999999999875,"[40.03913777019273, 76.50836363227427, 1.3268890199044803]"
7.949999999999875,"[40.03913777019273, 76.50836363227427, 1.3268890199044803]"
7.949999999999875,"[40.03913777019273, 76.50836363227427, 1.3268890199044803]"
7.949999999999875,"[40.03913777019273, 76.50836363227427, 1.3268890199044803]"
7.949999999999875,"[40.03913777019273, 76.50836363227427, 1.3268890199044803]"
7.949999999999875,"[40.03913777019273, 76.50836363227427, 1.3268890199044803]"
8.009999999999874,"[40.2130175162656, 77.2070522853254, 1.326880236257082]"
8.009999999999874,"[40.2130175162656, 77.2070522853254, 1.326880236257082]"
8.009999999999874,"[40.2130175162656, 77.2070522853254, 1.326880236257082]"
8.009999999999874,"[40.2130175162656, 77.2070522853254, 1.326880236257082]"
8.009999999999874,"[40.2130175162656, 77.2070522853254, 1.326880236257082]"
8.009999999999874,"[40.2130175162656, 77.2070522853254, 1.326880236257082]"
8.069999999999872,"[40.386903361952605, 77.90573942036266, 1.3268715813817606]"
8.069999999999872,"[40.386903361952605, 77.90573942036266, 1.3268715813817606]"
8.069999999999872,"[40.386903361952605, 77.90573942036266, 1.3268715813817606]"
8.069999999999872,"[40.386903361952605, 77.90573942036266, 1.3268715813817606]"
8.069999999999872,"[40.386903361952605, 77.90573942036266, 1.3268715813817606]"
8.069999999999872,"[40.386903361952605, 77.90573942036266, 1.3268715813817606]"
8.129999999999871,"[40.560795218334285, 78.60442505946018, 1.326863051628221]"
8.129999999999871,"[40.560795218334285, 78.60442505946018, 1.326863051628221]"
8.129999999999871,"[40.560795218334285, 78.60442505946018, 1.326863051628221]"
8.129999999999871,"[40.560795218334285, 78.60442505946018, 1.326863051628221]"
8.129999999999871,"[40.560795218334285, 78.60442505946018, 1.326863051628221]"
8.129999999999871,"[40.560795218334285, 78.60442505946018, 1.326863051628221]"
8.18999999999987,"[40.7346929989976, 79.30310922407064, 1.326854643498234]"
8.18999999999987,"[40.7346929989976, 79.30310922407064, 1.326854643498234]"
8.18999999999987,"[40.7346929989976, 79.30310922407064, 1.326854643498234]"
8.18999999999987,"[40.7346929989976, 79.30310922407064, 1.326854643498234]"
8.18999999999987,"[40.7346929989976, 79.30310922407064, 1.326854643498234]"
8.18999999999987,"[40.7346929989976, 79.30310922407064, 1.326854643498234]"
8.249999999999869,"[40.90859661993213, 80.00179193505107, 1.3268463536373343]"
8.249999999999869,"[40.90859661993213, 80.00179193505107, 1.3268463536373343]"
8.249999999999869,"[40.90859661993213, 80.00179193505107, 1.3268463536373343]"
8.249999999999869,"[40.90859661993213, 80.00179193505107, 1.3268463536373343]"
8.249999999999869,"[40.90859661993213, 80.00179193505107, 1.3268463536373343]"
8.249999999999869,"[40.90859661993213, 80.00179193505107, 1.3268463536373343]"
8.299999999999867,"[41.0535207245617, 80.58402642724124, 1.3268394839653639]"
8.309999999999867,"[41.08250602703688, 80.70047320581592, 1.3268381394253148]"
8.309999999999867,"[41.08250602703688, 80.70047320581592, 1.3268381394253148]"
8.309999999999867,"[41.08250602703688, 80.70047320581592, 1.3268381394253148]"
8.309999999999867,"[41.08250602703688, 80.70047320581592, 1.3268381394253148]"
8.309999999999867,"[41.08250602703688, 80.70047320581592, 1.3268381394253148]"
8.359999999999866,"[41.22743487679646, 81.28270651687434, 1.3268314020391914]"
8.369999999999866,"[41.25642112038496, 81.39915306118816, 1.326830075834758]"
8.369999999999866,"[41.25642112038496, 81.39915306118816, 1.326830075834758]"
8.369999999999866,"[41.25642112038496, 81.39915306118816, 1.326830075834758]"
8.369999999999866,"[41.25642112038496, 81.39915306118816, 1.326830075834758]"
8.369999999999866,"[41.25642112038496, 81.39915306118816, 1.326830075834758]"
8.419999999999865,"[41.40135464391686, 81.98138520883663, 1.3268234296012373]"
8.429999999999865,"[41.43034181586729, 82.09783152205571, 1.3268221212484936]"
8.429999999999865,"[41.43034181586729, 82.09783152205571, 1.3268221212484936]"
8.429999999999865,"[41.43034181586729, 82.09783152205571, 1.3268221212484936]"
8.429999999999865,"[41.43034181586729, 82.09783152205571, 1.3268221212484936]"
8.429999999999865,"[41.43034181586729, 82.09783152205571, 1.3268221212484936]"
8.469999999999864,"[41.546292015237306, 82.56361639865172, 1.3268168766719597]"
8.479999999999864,"[41.57527995025156, 82.6800625219174, 1.326815563780479]"
8.479999999999864,"[41.57527995025156, 82.6800625219174, 1.326815563780479]"
8.479999999999864,"[41.57527995025156, 82.6800625219174, 1.326815563780479]"
8.479999999999864,"[41.57527995025156, 82.6800625219174, 1.326815563780479]"
8.519999999999863,"[41.6912332204421, 83.14584663406768, 1.3268103015865857]"
8.519999999999863,"[41.6912332204421, 83.14584663406768, 1.3268103015865857]"
8.519999999999863,"[41.6912332204421, 83.14584663406768, 1.3268103015865857]"
8.519999999999863,"[41.6912332204421, 83.14584663406768, 1.3268103015865857]"
8.579999999999862,"[41.865167675670776, 83.84452166960406, 1.326802569074965]"
8.579999999999862,"[41.865167675670776, 83.84452166960406, 1.326802569074965]"
8.579999999999862,"[41.865167675670776, 83.84452166960406, 1.326802569074965]"
8.579999999999862,"[41.865167675670776, 83.84452166960406, 1.326802569074965]"
8.579999999999862,"[41.865167675670776, 83.84452166960406, 1.326802569074965]"
8.579999999999862,"[41.865167675670776, 83.84452166960406, 1.326802569074965]"
8.63999999999986,"[42.03910748519798, 84.54319537217141, 1.32679497278136]"
8.63999999999986,"[42.03910748519798, 84.54319537217141, 1.32679497278136]"
8.63999999999986,"[42.03910748519798, 84.54319537217141, 1.32679497278136]"
8.63999999999986,"[42.03910748519798, 84.54319537217141, 1.32679497278136]"
8.63999999999986,"[42.03910748519798, 84.54319537217141, 1.32679497278136]"
8.63999999999986,"[42.03910748519798, 84.54319537217141, 1.32679497278136]"
8.699999999999859,"[42.21305257382286, 85.24186776044856, 1.326787473504818]"
8.699999999999859,"[42.21305257382286, 85.24186776044856, 1.326787473504818]"
8.699999999999859,"[42.21305257382286, 85.24186776044856, 1.326787473504818]"
8.699999999999859,"[42.21305257382286, 85.24186776044856, 1.326787473504818]"
8.699999999999859,"[42.21305257382286, 85.24186776044856, 1.326787473504818]"
8.699999999999859,"[42.21305257382286, 85.24186776044856, 1.326787473504818]"
8.759999999999858,"[42.387002874453025, 85.94053885109733, 1.326780068845245]"
8.759999999999858,"[42.387002874453025, 85.94053885109733, 1.326780068845245]"
8.759999999999858,"[42.387002874453025, 85.94053885109733, 1.326780068845245]"
8.759999999999858,"[42.387002874453025, 85.94053885109733, 1.326780068845245]"
8.759999999999858,"[42.387002874453025, 85.94053885109733, 1.326780068845245]"
8.759999999999858,"[42.387002874453025, 85.94053885109733, 1.326780068845245]"
8.819999999999856,"[42.56095832164774, 86.63920866036995, 1.326772756489957]"
8.819999999999856,"[42.56095832164774, 86.63920866036995, 1.326772756489957]"
8.819999999999856,"[42.56095832164774, 86.63920866036995, 1.326772756489957]"
8.819999999999856,"[42.56095832164774, 86.63920866036995, 1.326772756489957]"
8.819999999999856,"[42.56095832164774, 86.63920866036995, 1.326772756489957]"
8.819999999999856,"[42.56095832164774, 86.63920866036995, 1.326772756489957]"
8.869999999999855,"[42.705925076330665, 87.22143253486811, 1.3267667225797646]"
8.879999999999855,"[42.734918851558064, 87.33787720412379, 1.3267655342095004]"
8.879999999999855,"[42.734918851558064, 87.33787720412379, 1.3267655342095004]"
8.879999999999855,"[42.734918851558064, 87.33787720412379, 1.3267655342095004]"
8.879999999999855,"[42.734918851558064, 87.33787720412379, 1.3267655342095004]"
8.879999999999855,"[42.734918851558064, 87.33787720412379, 1.3267655342095004]"
8.929999999999854,"[42.87988981879843, 87.92010002972954, 1.3267595387715594]"
8.939999999999854,"[42.90888443054126, 88.03654449069649, 1.3267583819999047]"
8.939999999999854,"[42.90888443054126, 88.03654449069649, 1.3267583819999047]"
8.939999999999854,"[42.90888443054126, 88.03654449069649, 1.3267583819999047]"
8.939999999999854,"[42.90888443054126, 88.03654449069649, 1.3267583819999047]"
8.939999999999854,"[42.90888443054126, 88.03654449069649, 1.3267583819999047]"
8.989999999999853,"[43.05385953721688, 88.61876628558515, 1.3267524756090316]"
8.999999999999853,"[43.082854971425135, 88.73521054175554, 1.3267513327313847]"
8.999999999999853,"[43.082854971425135, 88.73521054175554, 1.3267513327313847]"
8.999999999999853,"[43.082854971425135, 88.73521054175554, 1.3267513327313847]"
8.999999999999853,"[43.082854971425135, 88.73521054175554, 1.3267513327313847]"
8.999999999999853,"[43.082854971425135, 88.73521054175554, 1.3267513327313847]"
9.049999999999851,"[43.227834165941985, 89.3174313187433, 1.3267454966288619]"
9.059999999999851,"[43.25683041281169, 89.4338753725523, 1.3267443673217467]"
9.059999999999851,"[43.25683041281169, 89.4338753725523, 1.3267443673217467]"
9.059999999999851,"[43.25683041281169, 89.4338753725523, 1.3267443673217467]"
9.059999999999851,"[43.25683041281169, 89.4338753725523, 1.3267443673217467]"
9.059999999999851,"[43.25683041281169, 89.4338753725523, 1.3267443673217467]"
9.10999999999985,"[43.40181364671734, 90.01609514367422, 1.326738599886012]"
9.11999999999985,"[43.43081069667105, 90.13253899750079, 1.3267374838370471]"
9.11999999999985,"[43.43081069667105, 90.13253899750079, 1.3267374838370471]"
9.11999999999985,"[43.43081069667105, 90.13253899750079, 1.3267374838370471]"
9.11999999999985,"[43.43081069667105, 90.13253899750079, 1.3267374838370471]"
9.11999999999985,"[43.43081069667105, 90.13253899750079, 1.3267374838370471]"
9.169999999999849,"[43.5757979501719, 90.71475776765622, 1.3267317663749076]"
9.179999999999849,"[43.604795795845305, 90.83120142332841, 1.3267306795283265]"
9.179999999999849,"[43.604795795845305, 90.83120142332841, 1.3267306795283265]"
9.179999999999849,"[43.604795795845305, 90.83120142332841, 1.3267306795283265]"
9.179999999999849,"[43.604795795845305, 90.83120142332841, 1.3267306795283265]"
9.179999999999849,"[43.604795795845305, 90.83120142332841, 1.3267306795283265]"
9.229999999999848,"[43.749786995365675, 91.41341921081064, 1.3267250278297469]"
9.239999999999847,"[43.77878562569925, 91.52986267107688, 1.3267238701258153]"
9.239999999999847,"[43.77878562569925, 91.52986267107688, 1.3267238701258153]"
9.239999999999847,"[43.77878562569925, 91.52986267107688, 1.3267238701258153]"
9.239999999999847,"[43.77878562569925, 91.52986267107688, 1.3267238701258153]"
9.239999999999847,"[43.77878562569925, 91.52986267107688, 1.3267238701258153]"
9.289999999999846,"[43.923780755006504, 92.11207947990009, 1.326718365233892]"
9.299999999999846,"[43.95278016115515, 92.2285227469576, 1.3267172205817164]"
9.299999999999846,"[43.95278016115515, 92.2285227469576, 1.3267172205817164]"
9.299999999999846,"[43.95278016115515, 92.2285227469576, 1.3267172205817164]"
9.299999999999846,"[43.95278016115515, 92.2285227469576, 1.3267172205817164]"
9.299999999999846,"[43.95278016115515, 92.2285227469576, 1.3267172205817164]"
9.349999999999845,"[44.09777914723897, 92.81073859527658, 1.326711695897055]"
9.359999999999845,"[44.126779329986334, 92.92718166892469, 1.326710580768858]"
9.359999999999845,"[44.126779329986334, 92.92718166892469, 1.326710580768858]"
9.359999999999845,"[44.126779329986334, 92.92718166892469, 1.326710580768858]"
9.359999999999845,"[44.126779329986334, 92.92718166892469, 1.326710580768858]"
9.359999999999845,"[44.126779329986334, 92.92718166892469, 1.326710580768858]"
9.409999999999844,"[44.271782148626606, 93.50939656274444, 1.3267051818676048]"
9.419999999999844,"[44.30078308988697, 93.62583944748204, 1.326704079066394]"
9.419999999999844,"[44.30078308988697, 93.62583944748204, 1.326704079066394]"
9.419999999999844,"[44.30078308988697, 93.62583944748204, 1.326704079066394]"
9.419999999999844,"[44.30078308988697, 93.62583944748204, 1.326704079066394]"
9.419999999999844,"[44.30078308988697, 93.62583944748204, 1.326704079066394]"
9.469999999999843,"[44.44578968939384, 94.20805339964964, 1.3266986757783206]"
9.469999999999843,"[44.44578968939384, 94.20805339964964, 1.3266986757783206]"
9.469999999999843,"[44.44578968939384, 94.20805339964964, 1.3266986757783206]"
9.469999999999843,"[44.44578968939384, 94.20805339964964, 1.3266986757783206]"
9.469999999999843,"[44.44578968939384, 94.20805339964964, 1.3266986757783206]"
9.509999999999842,"[44.56179722720175, 94.67382399894873, 1.3266944042935278]"
9.519999999999841,"[44.59079942343225, 94.79026657111977, 1.3266933213174767]"
9.519999999999841,"[44.59079942343225, 94.79026657111977, 1.3266933213174767]"
9.519999999999841,"[44.59079942343225, 94.79026657111977, 1.3266933213174767]"
9.519999999999841,"[44.59079942343225, 94.79026657111977, 1.3266933213174767]"
9.56999999999984,"[44.73581226377056, 95.3724789689062, 1.3266880148229605]"
9.56999999999984,"[44.73581226377056, 95.3724789689062, 1.3266880148229605]"
9.56999999999984,"[44.73581226377056, 95.3724789689062, 1.3266880148229605]"
9.56999999999984,"[44.73581226377056, 95.3724789689062, 1.3266880148229605]"
9.56999999999984,"[44.73581226377056, 95.3724789689062, 1.3266880148229605]"
9.61999999999984,"[44.880828182673255, 95.9546905998996, 1.3266827554563205]"
9.61999999999984,"[44.880828182673255, 95.9546905998996, 1.3266827554563205]"
9.61999999999984,"[44.880828182673255, 95.9546905998996, 1.3266827554563205]"
9.61999999999984,"[44.880828182673255, 95.9546905998996, 1.3266827554563205]"
9.61999999999984,"[44.880828182673255, 95.9546905998996, 1.3266827554563205]"
9.659999999999838,"[44.99684312333867, 96.42045935533743, 1.3266785499881633]"
9.669999999999838,"[45.02584716568162, 96.53690146768416, 1.3266775112068032]"
9.669999999999838,"[45.02584716568162, 96.53690146768416, 1.3266775112068032]"
9.669999999999838,"[45.02584716568162, 96.53690146768416, 1.3266775112068032]"
9.669999999999838,"[45.02584716568162, 96.53690146768416, 1.3266775112068032]"
9.719999999999837,"[45.17086917875875, 97.11911158072093, 1.3266723434084928]"
9.719999999999837,"[45.17086917875875, 97.11911158072093, 1.3266723434084928]"
9.719999999999837,"[45.17086917875875, 97.11911158072093, 1.3266723434084928]"
9.719999999999837,"[45.17086917875875, 97.11911158072093, 1.3266723434084928]"
9.719999999999837,"[45.17086917875875, 97.11911158072093, 1.3266723434084928]"
9.769999999999836,"[45.31589419019269, 97.70132094689242, 1.3266672203520953]"
9.769999999999836,"[45.31589419019269, 97.70132094689242, 1.3266672203520953]"
9.769999999999836,"[45.31589419019269, 97.70132094689242, 1.3266672203520953]"
9.769999999999836,"[45.31589419019269, 97.70132094689242, 1.3266672203520953]"
9.769999999999836,"[45.31589419019269, 97.70132094689242, 1.3266672203520953]"
9.819999999999835,"[45.46092217410639, 98.28352957262824, 1.326662141281528]"
9.819999999999835,"[45.46092217410639, 98.28352957262824, 1.326662141281528]"
9.819999999999835,"[45.46092217410639, 98.28352957262824, 1.326662141281528]"
9.819999999999835,"[45.46092217410639, 98.28352957262824, 1.326662141281528]"
9.819999999999835,"[45.46092217410639, 98.28352957262824, 1.326662141281528]"
9.869999999999834,"[45.60595310505872, 98.86573746424976, 1.3266571054596148]"
9.869999999999834,"[45.60595310505872, 98.86573746424976, 1.3266571054596148]"
9.869999999999834,"[45.60595310505872, 98.86573746424976, 1.3266571054596148]"
9.869999999999834,"[45.60595310505872, 98.86573746424976, 1.3266571054596148]"
9.869999999999834,"[45.60595310505872, 98.86573746424976, 1.3266571054596148]"
9.919999999999833,"[45.750986958033536, 99.4479446279729, 1.326652112167459]"
9.919999999999833,"[45.750986958033536, 99.4479446279729, 1.326652112167459]"
9.919999999999833,"[45.750986958033536, 99.4479446279729, 1.326652112167459]"
9.919999999999833,"[45.750986958033536, 99.4479446279729, 1.326652112167459]"
9.919999999999833,"[45.750986958033536, 99.4479446279729, 1.326652112167459]"
9.969999999999832,"[45.89602370842925, 100.03015106991076, 1.3266471607038495]"
9.969999999999832,"[45.89602370842925, 100.03015106991076, 1.3266471607038495]"
9.969999999999832,"[45.89602370842925, 100.03015106991076, 1.3266471607038495]"
9.969999999999832,"[45.89602370842925, 100.03015106991076, 1.3266471607038495]"
9.969999999999832,"[45.89602370842925, 100.03015106991076, 1.3266471607038495]"
10.009999999999831,"[46.01205517687127, 100.49591570825389, 1.3266432289828956]"
10.01999999999983,"[46.041063332048594, 100.61235679607606, 1.3266422503846833]"
10.01999999999983,"[46.041063332048594, 100.61235679607606, 1.3266422503846833]"
10.01999999999983,"[46.041063332048594, 100.61235679607606, 1.3266422503846833]"
10.01999999999983,"[46.041063332048594, 100.61235679607606, 1.3266422503846833]"
10.07999999999983,"[46.21511465846525, 101.31100272626612, 1.3266364257494878]"
10.07999999999983,"[46.21511465846525, 101.31100272626612, 1.3266364257494878]"
10.07999999999983,"[46.21511465846525, 101.31100272626612, 1.3266364257494878]"
10.07999999999983,"[46.21511465846525, 101.31100272626612, 1.3266364257494878]"
10.07999999999983,"[46.21511465846525, 101.31100272626612, 1.3266364257494878]"
10.07999999999983,"[46.21511465846525, 101.31100272626612, 1.3266364257494878]"
10.129999999999828,"[46.36016053725302, 101.89320689410246, 1.326631603073356]"
10.139999999999828,"[46.38917004616194, 102.00964764467057, 1.3266306863188697]"
10.139999999999828,"[46.38917004616194, 102.00964764467057, 1.3266306863188697]"
10.139999999999828,"[46.38917004616194, 102.00964764467057, 1.3266306863188697]"
10.139999999999828,"[46.38917004616194, 102.00964764467057, 1.3266306863188697]"
10.139999999999828,"[46.38917004616194, 102.00964764467057, 1.3266306863188697]"
10.189999999999827,"[46.53421925530553, 102.5918509827975, 1.3266259107799423]"
10.199999999999827,"[46.56322942702889, 102.70829156823308, 1.3266250029858844]"
10.199999999999827,"[46.56322942702889, 102.70829156823308, 1.3266250029858844]"
10.199999999999827,"[46.56322942702889, 102.70829156823308, 1.3266250029858844]"
10.199999999999827,"[46.56322942702889, 102.70829156823308, 1.3266250029858844]"
10.199999999999827,"[46.56322942702889, 102.70829156823308, 1.3266250029858844]"
10.249999999999826,"[46.708281934075295, 103.29049408471586, 1.3266202736892072]"
10.259999999999826,"[46.73729276218434, 103.40693450661662, 1.326619303482827]"
10.259999999999826,"[46.73729276218434, 103.40693450661662, 1.326619303482827]"
10.259999999999826,"[46.73729276218434, 103.40693450661662, 1.326619303482827]"
10.259999999999826,"[46.73729276218434, 103.40693450661662, 1.326619303482827]"
10.259999999999826,"[46.73729276218434, 103.40693450661662, 1.326619303482827]"
10.309999999999825,"[46.882348560034515, 103.98913620320418, 1.3266146901433367]"
10.319999999999824,"[46.911360038293545, 104.10557646311985, 1.3266137291740647]"
10.319999999999824,"[46.911360038293545, 104.10557646311985, 1.3266137291740647]"
10.319999999999824,"[46.911360038293545, 104.10557646311985, 1.3266137291740647]"
10.319999999999824,"[46.911360038293545, 104.10557646311985, 1.3266137291740647]"
10.319999999999824,"[46.911360038293545, 104.10557646311985, 1.3266137291740647]"
10.369999999999823,"[47.05641907111254, 104.68777735370402, 1.3266090896659037]"
10.369999999999823,"[47.05641907111254, 104.68777735370402, 1.3266090896659037]"
10.369999999999823,"[47.05641907111254, 104.68777735370402, 1.3266090896659037]"
10.369999999999823,"[47.05641907111254, 104.68777735370402, 1.3266090896659037]"
10.369999999999823,"[47.05641907111254, 104.68777735370402, 1.3266090896659037]"
10.419999999999822,"[47.20148079659497, 105.26997757338746, 1.3266044863792719]"
10.419999999999822,"[47.20148079659497, 105.26997757338746, 1.3266044863792719]"
10.419999999999822,"[47.20148079659497, 105.26997757338746, 1.3266044863792719]"
10.419999999999822,"[47.20148079659497, 105.26997757338746, 1.3266044863792719]"
10.419999999999822,"[47.20148079659497, 105.26997757338746, 1.3266044863792719]"
10.469999999999821,"[47.34654519377879, 105.85217712738, 1.3265999187617619]"
10.469999999999821,"[47.34654519377879, 105.85217712738, 1.3265999187617619]"
10.469999999999821,"[47.34654519377879, 105.85217712738, 1.3265999187617619]"
10.469999999999821,"[47.34654519377879, 105.85217712738, 1.3265999187617619]"
10.469999999999821,"[47.34654519377879, 105.85217712738, 1.3265999187617619]"
10.51999999999982,"[47.491612242020736, 106.4343760208123, 1.326595386273441]"
10.51999999999982,"[47.491612242020736, 106.4343760208123, 1.326595386273441]"
10.51999999999982,"[47.491612242020736, 106.4343760208123, 1.326595386273441]"
10.51999999999982,"[47.491612242020736, 106.4343760208123, 1.326595386273441]"
10.51999999999982,"[47.491612242020736, 106.4343760208123, 1.326595386273441]"
10.569999999999819,"[47.636681920989126, 107.01657425873769, 1.3265908883864808]"
10.569999999999819,"[47.636681920989126, 107.01657425873769, 1.3265908883864808]"
10.569999999999819,"[47.636681920989126, 107.01657425873769, 1.3265908883864808]"
10.569999999999819,"[47.636681920989126, 107.01657425873769, 1.3265908883864808]"
10.569999999999819,"[47.636681920989126, 107.01657425873769, 1.3265908883864808]"
10.619999999999818,"[47.781754210656885, 107.5987718461339, 1.3265864245847978]"
10.619999999999818,"[47.781754210656885, 107.5987718461339, 1.3265864245847978]"
10.619999999999818,"[47.781754210656885, 107.5987718461339, 1.3265864245847978]"
10.619999999999818,"[47.781754210656885, 107.5987718461339, 1.3265864245847978]"
10.619999999999818,"[47.781754210656885, 107.5987718461339, 1.3265864245847978]"
10.669999999999817,"[47.9268290912948, 108.18096878790476, 1.3265819943637085]"
10.669999999999817,"[47.9268290912948, 108.18096878790476, 1.3265819943637085]"
10.669999999999817,"[47.9268290912948, 108.18096878790476, 1.3265819943637085]"
10.669999999999817,"[47.9268290912948, 108.18096878790476, 1.3265819943637085]"
10.669999999999817,"[47.9268290912948, 108.18096878790476, 1.3265819943637085]"
10.719999999999816,"[48.071906543464955, 108.76316508888173, 1.326577597229598]"
10.719999999999816,"[48.071906543464955, 108.76316508888173, 1.326577597229598]"
10.719999999999816,"[48.071906543464955, 108.76316508888173, 1.326577597229598]"
10.719999999999816,"[48.071906543464955, 108.76316508888173, 1.326577597229598]"
10.719999999999816,"[48.071906543464955, 108.76316508888173, 1.326577597229598]"
10.769999999999815,"[48.21698654801437, 109.34536075382556, 1.3265732326995978]"
10.769999999999815,"[48.21698654801437, 109.34536075382556, 1.3265732326995978]"
10.769999999999815,"[48.21698654801437, 109.34536075382556, 1.3265732326995978]"
10.769999999999815,"[48.21698654801437, 109.34536075382556, 1.3265732326995978]"
10.769999999999815,"[48.21698654801437, 109.34536075382556, 1.3265732326995978]"
10.809999999999814,"[48.33305237977092, 109.8111168302201, 1.326569790998566]"
10.819999999999814,"[48.36206908606879, 109.92755578742783, 1.3265689003012795]"
10.819999999999814,"[48.36206908606879, 109.92755578742783, 1.3265689003012795]"
10.819999999999814,"[48.36206908606879, 109.92755578742783, 1.3265689003012795]"
10.819999999999814,"[48.36206908606879, 109.92755578742783, 1.3265689003012795]"
10.869999999999813,"[48.50715413902671, 110.5097501943124, 1.3265645995723538]"
10.869999999999813,"[48.50715413902671, 110.5097501943124, 1.3265645995723538]"
10.869999999999813,"[48.50715413902671, 110.5097501943124, 1.3265645995723538]"
10.869999999999813,"[48.50715413902671, 110.5097501943124, 1.3265645995723538]"
10.869999999999813,"[48.50715413902671, 110.5097501943124, 1.3265645995723538]"
10.919999999999812,"[48.6522416885535, 111.09194397903687, 1.326560330060385]"
10.919999999999812,"[48.6522416885535, 111.09194397903687, 1.326560330060385]"
10.919999999999812,"[48.6522416885535, 111.09194397903687, 1.326560330060385]"
10.919999999999812,"[48.6522416885535, 111.09194397903687, 1.326560330060385]"
10.919999999999812,"[48.6522416885535, 111.09194397903687, 1.326560330060385]"
10.96999999999981,"[48.79733172265179, 111.67413714457975, 1.326556052429143]"
10.96999999999981,"[48.79733172265179, 111.67413714457975, 1.326556052429143]"
10.96999999999981,"[48.79733172265179, 111.67413714457975, 1.326556052429143]"
10.96999999999981,"[48.79733172265179, 111.67413714457975, 1.326556052429143]"
10.96999999999981,"[48.79733172265179, 111.67413714457975, 1.326556052429143]"
11.00999999999981,"[48.91340552970754, 112.13989123346721, 1.3265526960824874]"
11.01999999999981,"[48.94242422651537, 112.25632969461977, 1.3265518439414798]"
11.01999999999981,"[48.94242422651537, 112.25632969461977, 1.3265518439414798]"
11.01999999999981,"[48.94242422651537, 112.25632969461977, 1.3265518439414798]"
11.01999999999981,"[48.94242422651537, 112.25632969461977, 1.3265518439414798]"
11.059999999999809,"[49.058499989534106, 112.72208329604375, 1.326548511478199]"
11.069999999999808,"[49.08751917359057, 112.83852163576353, 1.3265476653700423]"
11.069999999999808,"[49.08751917359057, 112.83852163576353, 1.3265476653700423]"
11.069999999999808,"[49.08751917359057, 112.83852163576353, 1.3265476653700423]"
11.069999999999808,"[49.08751917359057, 112.83852163576353, 1.3265476653700423]"
11.109999999999808,"[49.20359688466133, 113.30427475168695, 1.3265443182655299]"
11.119999999999807,"[49.23261655696826, 113.42071296972209, 1.3265434909402016]"
11.119999999999807,"[49.23261655696826, 113.42071296972209, 1.3265434909402016]"
11.119999999999807,"[49.23261655696826, 113.42071296972209, 1.3265434909402016]"
11.119999999999807,"[49.23261655696826, 113.42071296972209, 1.3265434909402016]"
11.159999999999807,"[49.348696200914205, 113.88646560391881, 1.326540192333585]"
11.169999999999806,"[49.37771635363705, 114.00290370221977, 1.3265393707940372]"
11.169999999999806,"[49.37771635363705, 114.00290370221977, 1.3265393707940372]"
11.169999999999806,"[49.37771635363705, 114.00290370221977, 1.3265393707940372]"
11.169999999999806,"[49.37771635363705, 114.00290370221977, 1.3265393707940372]"
11.219999999999805,"[49.52281855557495, 114.58509383524529, 1.326535266752211]"
11.219999999999805,"[49.52281855557495, 114.58509383524529, 1.326535266752211]"
11.219999999999805,"[49.52281855557495, 114.58509383524529, 1.326535266752211]"
11.219999999999805,"[49.52281855557495, 114.58509383524529, 1.326535266752211]"
11.219999999999805,"[49.52281855557495, 114.58509383524529, 1.326535266752211]"
11.269999999999804,"[49.66792311713463, 115.16728338016524, 1.3265312279842805]"
11.269999999999804,"[49.66792311713463, 115.16728338016524, 1.3265312279842805]"
11.269999999999804,"[49.66792311713463, 115.16728338016524, 1.3265312279842805]"
11.269999999999804,"[49.66792311713463, 115.16728338016524, 1.3265312279842805]"
11.269999999999804,"[49.66792311713463, 115.16728338016524, 1.3265312279842805]"
11.319999999999803,"[49.81303003346232, 115.74947233817922, 1.3265271928379954]"
11.319999999999803,"[49.81303003346232, 115.74947233817922, 1.3265271928379954]"
11.319999999999803,"[49.81303003346232, 115.74947233817922, 1.3265271928379954]"
11.319999999999803,"[49.81303003346232, 115.74947233817922, 1.3265271928379954]"
11.319999999999803,"[49.81303003346232, 115.74947233817922, 1.3265271928379954]"
11.369999999999802,"[49.958139292619386, 116.33166071225277, 1.3265231852381978]"
11.369999999999802,"[49.958139292619386, 116.33166071225277, 1.3265231852381978]"
11.369999999999802,"[49.958139292619386, 116.33166071225277, 1.3265231852381978]"
11.369999999999802,"[49.958139292619386, 116.33166071225277, 1.3265231852381978]"
11.369999999999802,"[49.958139292619386, 116.33166071225277, 1.3265231852381978]"
11.409999999999801,"[50.07422838464938, 116.79741099159939, 1.3265199741281202]"
11.419999999999801,"[50.103250891535694, 116.91384850314114, 1.3265191925450175]"
11.419999999999801,"[50.103250891535694, 116.91384850314114, 1.3265191925450175]"
11.419999999999801,"[50.103250891535694, 116.91384850314114, 1.3265191925450175]"
11.419999999999801,"[50.103250891535694, 116.91384850314114, 1.3265191925450175]"
11.4599999999998,"[50.21934183520508, 117.37959832095945, 1.3265160150348312]"
11.4699999999998,"[50.24836480307813, 117.49603571759747, 1.326515238711078]"
11.4699999999998,"[50.24836480307813, 117.49603571759747, 1.326515238711078]"
11.4699999999998,"[50.24836480307813, 117.49603571759747, 1.326515238711078]"
11.4699999999998,"[50.24836480307813, 117.49603571759747, 1.326515238711078]"
11.4899999999998,"[50.3064110141823, 117.72891044223807, 1.326513627850565]"
11.4899999999998,"[50.3064110141823, 117.72891044223807, 1.326513627850565]"
11.539999999999798,"[50.45152817096102, 118.31109684778876, 1.32650971044293]"
11.539999999999798,"[50.45152817096102, 118.31109684778876, 1.32650971044293]"
11.539999999999798,"[50.45152817096102, 118.31109684778876, 1.32650971044293]"
11.539999999999798,"[50.45152817096102, 118.31109684778876, 1.32650971044293]"
11.539999999999798,"[50.45152817096102, 118.31109684778876, 1.32650971044293]"
11.579999999999798,"[50.56762353477246, 118.77684556383778, 1.3265065713163189]"
11.579999999999798,"[50.56762353477246, 118.77684556383778, 1.3265065713163189]"
11.579999999999798,"[50.56762353477246, 118.77684556383778, 1.3265065713163189]"
11.579999999999798,"[50.56762353477246, 118.77684556383778, 1.3265065713163189]"
11.619999999999797,"[50.68372035771314, 119.24259391617292, 1.3265034486451497]"
11.619999999999797,"[50.68372035771314, 119.24259391617292, 1.3265034486451497]"
11.619999999999797,"[50.68372035771314, 119.24259391617292, 1.3265034486451497]"
11.619999999999797,"[50.68372035771314, 119.24259391617292, 1.3265034486451497]"
11.659999999999796,"[50.79981863214788, 119.70834190669258, 1.3265003422598556]"
11.659999999999796,"[50.79981863214788, 119.70834190669258, 1.3265003422598556]"
11.659999999999796,"[50.79981863214788, 119.70834190669258, 1.3265003422598556]"
11.659999999999796,"[50.79981863214788, 119.70834190669258, 1.3265003422598556]"
11.699999999999795,"[50.915918350520016, 120.17408953727565, 1.3264972519934668]"
11.699999999999795,"[50.915918350520016, 120.17408953727565, 1.3264972519934668]"
11.699999999999795,"[50.915918350520016, 120.17408953727565, 1.3264972519934668]"
11.699999999999795,"[50.915918350520016, 120.17408953727565, 1.3264972519934668]"
11.739999999999794,"[51.032019505350206, 120.63983680978181, 1.3264941776815578]"
11.739999999999794,"[51.032019505350206, 120.63983680978181, 1.3264941776815578]"
11.739999999999794,"[51.032019505350206, 120.63983680978181, 1.3264941776815578]"
11.739999999999794,"[51.032019505350206, 120.63983680978181, 1.3264941776815578]"
11.779999999999793,"[51.14812208923528, 121.10558372605185, 1.3264911191621958]"
11.779999999999793,"[51.14812208923528, 121.10558372605185, 1.3264911191621958]"
11.779999999999793,"[51.14812208923528, 121.10558372605185, 1.3264911191621958]"
11.779999999999793,"[51.14812208923528, 121.10558372605185, 1.3264911191621958]"
11.819999999999792,"[51.26422609484707, 121.5713302879079, 1.3264880762758922]"
11.819999999999792,"[51.26422609484707, 121.5713302879079, 1.3264880762758922]"
11.819999999999792,"[51.26422609484707, 121.5713302879079, 1.3264880762758922]"
11.819999999999792,"[51.26422609484707, 121.5713302879079, 1.3264880762758922]"
11.859999999999792,"[51.38033151493127, 122.03707649715379, 1.3264850488655515]"
11.859999999999792,"[51.38033151493127, 122.03707649715379, 1.3264850488655515]"
11.859999999999792,"[51.38033151493127, 122.03707649715379, 1.3264850488655515]"
11.859999999999792,"[51.38033151493127, 122.03707649715379, 1.3264850488655515]"
11.89999999999979,"[51.496438342306355, 122.50282235557523, 1.326482001632581]"
11.89999999999979,"[51.496438342306355, 122.50282235557523, 1.326482001632581]"
11.89999999999979,"[51.496438342306355, 122.50282235557523, 1.326482001632581]"
11.89999999999979,"[51.496438342306355, 122.50282235557523, 1.326482001632581]"
11.93999999999979,"[51.612546578039286, 122.96856786290175, 1.3264790509630877]"
11.94999999999979,"[51.641573849892794, 123.08500418665315, 1.326478286565151]"
11.94999999999979,"[51.641573849892794, 123.08500418665315, 1.326478286565151]"
11.94999999999979,"[51.641573849892794, 123.08500418665315, 1.326478286565151]"
11.94999999999979,"[51.641573849892794, 123.08500418665315, 1.326478286565151]"
11.989999999999789,"[51.75768381260352, 123.55074926344855, 1.326475308528919]"
11.989999999999789,"[51.75768381260352, 123.55074926344855, 1.326475308528919]"
11.989999999999789,"[51.75768381260352, 123.55074926344855, 1.326475308528919]"
11.989999999999789,"[51.75768381260352, 123.55074926344855, 1.326475308528919]"
12.029999999999788,"[51.87379515972981, 124.01649399510782, 1.3264723453256313]"
12.029999999999788,"[51.87379515972981, 124.01649399510782, 1.3264723453256313]"
12.029999999999788,"[51.87379515972981, 124.01649399510782, 1.3264723453256313]"
12.029999999999788,"[51.87379515972981, 124.01649399510782, 1.3264723453256313]"
12.069999999999787,"[51.98990788438767, 124.4822383833428, 1.3264694423748526]"
12.069999999999787,"[51.98990788438767, 124.4822383833428, 1.3264694423748526]"
12.069999999999787,"[51.98990788438767, 124.4822383833428, 1.3264694423748526]"
12.069999999999787,"[51.98990788438767, 124.4822383833428, 1.3264694423748526]"
12.099999999999786,"[52.07699331756611, 124.83154645271435, 1.326467223513949]"
12.109999999999786,"[52.10602196656228, 124.94798243313903, 1.3264664741554055]"
12.109999999999786,"[52.10602196656228, 124.94798243313903, 1.3264664741554055]"
12.109999999999786,"[52.10602196656228, 124.94798243313903, 1.3264664741554055]"
12.139999999999786,"[52.193108431260356, 125.29729024534247, 1.326464300333037]"
12.139999999999786,"[52.193108431260356, 125.29729024534247, 1.326464300333037]"
